Longitude_NAD83,Latitude_NAD83,Z_m,Hydraulic_conductivity_m/d,K_log transformed,measurement_method
421108,2436029.1,,28.1,1.448,
422718.4,2442816,,417,2.62,
453171.1,2420496.3,,102.3,2.01,
455729.8,2422210.9,,734.2,2.866,
454094.4,2422215.7,,36.9,1.567,
454037.3,2422308.1,,18.8,1.273,
455327.5,2421996.8,,138,2.14,
455069.8,2422182.1,,200.6,2.302,
452576.6,2423142.6,,123.1,2.09,
452576.7,2423173.4,,530.6,2.725,
452576.5,2423111.9,,47.6,1.678,
439545.1,2421803.6,,5044.1,3.703,
439545.1,2421803.7,,4317.6,3.635,
439545.1,2421803.7,,1581.8,3.199,
439688.7,2421833.8,,160.3,2.205,
447788.3,2424080.1,,470.7,2.673,
447904.3,2424448.6,,197.8,2.296,
448019.6,2424602,,1653.9,3.219,
446437.7,2423438.9,,9.8,0.99,
442167.5,2424776.2,,128.8,2.11,
442196.6,2424899.1,,44.6,1.649,
441017.2,2424073.3,,318.1,2.503,
441590.5,2423917.4,,19.8,1.296,
435077.2,2423881.4,,2395.9,3.379,
449228.6,2425858.7,,176.6,2.247,
449516,2426042.2,,159.2,2.202,
445815.9,2426146.6,,1181.8,3.073,
445815.9,2426146.6,,1036.9,3.016,
440534.6,2425428,,2693.9,3.43,
440219.6,2425582.9,,189.6,2.278,
431083.1,2429094.5,,383.2,2.583,
430825.1,2429126.4,,423.1,2.626,
428906.6,2429842.1,,2184.8,3.339,
428164.2,2430552.7,,35.8,1.554,
426646.9,2431143.9,,263.3,2.42,
426247.3,2431545.6,,79.1,1.898,
421836.5,2432643.1,,190.2,2.279,
421978.6,2432396.4,,105,2.021,
633890.5,2352257.2,,30.1,1.479,
624982.9,2352371.5,,744.6,2.872,
625126.8,2352403.3,,1121.4,3.05,
623995.5,2353348,,335.2,2.525,
637293.6,2355483.2,,32.6,1.514,
635711.4,2355131.8,,79.2,1.899,
634127.2,2355026.6,,60,1.778,
630494.5,2355212.5,,183.1,2.263,
629658.1,2355298.1,,49.9,1.698,
626699.4,2354045.1,,6364.1,3.804,
627738.1,2353899.4,,5627.8,3.75,
627156.5,2354571.3,,195.3,2.291,
626981.2,2354877.5,,123.2,2.091,
626372.9,2355272.5,,229.8,2.361,
623058.8,2355278.1,,27.7,1.443,
621994.4,2355024.1,,321.6,2.507,
621994.4,2355024.1,,400.3,2.602,
621040.8,2355386,,7.4,0.868,
620262.9,2355349.6,,403,2.605,
594672.7,2355612.6,,67.5,1.829,
594905.3,2355244.9,,47.1,1.673,
637607.7,2355824.1,,670.9,2.827,
637550.9,2355731.4,,157.2,2.196,
637606.9,2355916.4,,839.4,2.924,
638266.6,2356290.9,,425.3,2.629,
632214.3,2356364,,240.3,2.381,
628932.3,2355968.9,,87.4,1.941,
625613.3,2356619.6,,54.7,1.738,
625584.1,2356680.9,,37.4,1.573,
621700.4,2355821.4,,242.2,2.384,
621700.1,2355852.1,,168.8,2.227,
621671.5,2355821.2,,169.7,2.23,
621671.3,2355852,,120.9,2.083,
619597.3,2355744.5,,87.3,1.941,
617893.2,2356285.6,,20.4,1.31,
618760.5,2355892.1,,150.7,2.178,
618234.1,2356964.5,,69.7,1.844,
618467.9,2356505,,280.7,2.448,
618407.9,2356842.8,,128,2.107,
618407.9,2356842.8,,201.6,2.305,
619220.7,2356018.4,,110.4,2.043,
618437.8,2356689.2,,103,2.013,
619250.8,2355834.2,,419.5,2.623,
618932.1,2356077.8,,4514.5,3.655,
618384.6,2356073.9,,393.7,2.595,
618495.2,2356720.4,,39.6,1.598,
617891.2,2356562.3,,248.5,2.395,
617891.2,2356562.3,,95.3,1.979,
618440.7,2356289.5,,22.3,1.349,
618900.6,2356446.6,,491.8,2.692,
618958.7,2356385.5,,422.4,2.626,
594367.8,2358501.2,,330,2.518,
638544.4,2357523.2,,76.6,1.884,
638544.2,2357554,,1136.9,3.056,
638341.9,2357613.7,,94.1,1.974,
637906.9,2357948.3,,99.9,1.999,
596147.8,2359556.9,,7960.6,3.901,
595536.9,2360598.5,,724,2.86,
596318.7,2359896,,1082.5,3.034,
594879.7,2359672.4,,2703.6,3.432,
592718.9,2359721.4,,632.5,2.801,
593060.7,2360399.8,,1891.1,3.277,
593089.7,2360369.2,,1326.8,3.123,
620314.7,2360085.2,,15.9,1.201,
618730,2360104.4,,319,2.504,
618987.3,2360383,,429.7,2.633,
617494.6,2359634.3,,69.3,1.841,
617584.1,2359204.4,,70.7,1.849,
617721.8,2360097.1,,913,2.96,
617722,2360066.4,,543.1,2.735,
615673.4,2360513,,110.1,2.042,
615673.4,2360513,,303.6,2.482,
614745.1,2361428.9,,86.2,1.935,
614745.1,2361428.9,,443.8,2.647,
614456,2361580.6,,116.4,2.066,
614485,2361550,,41.9,1.622,
614485.3,2361519.3,,634.9,2.803,
601074.6,2364136.7,,39.6,1.597,
601737.4,2364079.3,,53.6,1.729,
611450.1,2363066.5,,3.1,0.496,
611382.2,2364572.7,,262.3,2.419,
611382.2,2364572.7,,113.1,2.053,
612044.2,2364638.7,,1036.9,3.016,
612189,2364516.7,,777.9,2.891,
612044.2,2364638.7,,1067.4,3.028,
602884.7,2364824.4,,270.5,2.432,
602852.8,2365316.2,,98.6,1.994,
602852.8,2365316.2,,79.7,1.902,
602852.8,2365316.2,,88.2,1.946,
601154.5,2365182.6,,1086.7,3.036,
601183.1,2365213.5,,4159.5,3.619,
601183.3,2365182.8,,977.5,2.99,
601154.7,2365151.8,,1925.9,3.285,
602244.8,2365835.1,,375.8,2.575,
602215.8,2365865.6,,425.4,2.629,
602273.4,2365866,,307.4,2.488,
602273,2365927.5,,568.9,2.755,
601723.4,2366323.7,,506.8,2.705,
600320.2,2365054.5,,178.6,2.252,
600291.4,2365054.3,,769.1,2.886,
600291.6,2365023.5,,186.2,2.27,
600262.6,2365054.1,,58.7,1.769,
598302.7,2365319,,752.4,2.876,
598388.7,2365380.9,,3551.9,3.55,
597493.8,2365744.6,,141.5,2.151,
597464.6,2365806,,1738.4,3.24,
597377.9,2365867,,1329.5,3.124,
597377.9,2365867,,1471.6,3.168,
611581.1,2364973.7,,1502.1,3.177,
610971.1,2365738.3,,8.1,0.909,
610971.1,2365738.3,,40,1.602,
610942.1,2365768.8,,498.5,2.698,
610970.9,2365769,,538.6,2.731,
610999.7,2365769.2,,124.9,2.096,
610999.9,2365738.5,,113.6,2.055,
611028.5,2365769.4,,116.8,2.067,
609501.4,2365882.2,,152.9,2.184,
609501.4,2365882.2,,47.1,1.673,
609649.5,2365268.2,,557.4,2.746,
610191.3,2366071.2,,82,1.914,
609243.5,2365696,,65.6,1.817,
610715.9,2365152.4,,893.8,2.951,
610773,2365214.3,,1348.8,3.13,
609243.5,2365696,,7.7,0.889,
609619.7,2365421.8,,253.7,2.404,
609504.5,2365421,,292.1,2.465,
609215.5,2365572.8,,179.7,2.255,
609214.5,2365726.5,,68.9,1.838,
609446.7,2365451.4,,286.6,2.457,
608465.8,2365721.5,,36,1.556,
608437,2365721.3,,48.4,1.685,
605959.3,2365889.5,,39.2,1.594,
606016.9,2365889.9,,31.2,1.495,
605815.9,2365796.4,,126.4,2.102,
605755.7,2366195.6,,66.7,1.824,
605872.5,2365950.4,,141.7,2.151,
605988.3,2365859,,220.3,2.343,
605672.3,2365733.9,,96.4,1.984,
605668.5,2366318.1,,16.5,1.217,
603160.1,2366824.7,,169.9,2.23,
603188.8,2366824.9,,261.8,2.418,
603131.1,2366855.3,,84,1.924,
603131.1,2366855.3,,185.8,2.269,
602440,2366850.9,,515.1,2.712,
602382.4,2366850.6,,564,2.751,
602382.2,2366881.3,,400.3,2.602,
603469.6,2367964.3,,177.7,2.25,
603498.2,2367995.2,,206.9,2.316,
603526.8,2368026.2,,189.3,2.277,
603498.5,2367933.7,,389.6,2.591,
603555.9,2367964.9,,144.5,2.16,
602411.4,2366820,,53.1,1.725,
601977.2,2367186.2,,18.4,1.266,
601347.5,2366567.4,,178.5,2.252,
601347.1,2366628.9,,727.5,2.862,
601347.7,2366536.6,,213.5,2.329,
600620.3,2367762,,1573.1,3.197,
599648.5,2366587.7,,817.6,2.913,
599648.6,2366556.9,,113.1,2.053,
599706.2,2366557.3,,202.6,2.307,
611337.3,2366939.9,,648.7,2.812,
609437.7,2366804.1,,485,2.686,
609466.4,2366804.3,,144.5,2.16,
609495.4,2366773.7,,267.4,2.427,
607416.5,2367620.9,,75.9,1.88,
607416.5,2367620.9,,103.8,2.016,
607445.3,2367621,,189,2.276,
608947.7,2366862.3,,31.7,1.5,
608919.3,2366800.6,,2830.4,3.452,
608862,2366769.5,,172,2.236,
608862,2366769.5,,171.3,2.234,
608890.5,2366800.4,,71.5,1.855,
608890.8,2366769.7,,175.9,2.245,
608919.5,2366769.9,,73.8,1.868,
608427.8,2367104.8,,119.8,2.079,
608427.6,2367135.6,,139.2,2.144,
608456.6,2367105,,115.5,2.062,
607076.3,2366819.2,,829.2,2.919,
607076.3,2366819.2,,1316.8,3.12,
606815.5,2367063.5,,916.1,2.962,
605494.8,2366470.7,,14,1.148,
605466,2366470.5,,285.7,2.456,
604194.1,2367231,,191,2.281,
604194.1,2367231,,3540.8,3.549,
604222.9,2367231.2,,672.1,2.827,
604222.7,2367261.9,,345,2.538,
603060.2,2368945.6,,158.5,2.2,
603031.3,2368976.2,,106.6,2.028,
608993.6,2368615.2,,325.5,2.513,
608121.5,2369870.1,,100.2,2.001,
602765,2370112.2,,223.7,2.35,
602667.4,2371894.9,,73.9,1.869,
602696.2,2371895,,184.2,2.265,
597637.7,2370572.7,,7.3,0.863,
606783.9,2371890.6,,155.8,2.193,
605668.8,2370714.9,,44.6,1.65,
606929,2371707.1,,177.4,2.249,
606958.2,2371645.8,,210.2,2.323,
604082,2371258.2,,159.2,2.202,
604139.5,2371258.5,,342.5,2.535,
605582.3,2370745.1,,89.4,1.951,
597507.1,2373154.8,,30.9,1.49,
603719.9,2373869.4,,105.4,2.023,
603720.1,2373838.6,,64.2,1.807,
603662.7,2373807.5,,117.6,2.07,
603720.3,2373807.9,,72.5,1.86,
601004.7,2375420.4,,325,2.512,
597957.1,2374910,,50.6,1.704,
598099.8,2375095.3,,1180.2,3.072,
597784.4,2374909,,40.6,1.608,
607192.6,2375398.5,,47,1.672,
607192.6,2375398.6,,56.2,1.75,
607192.8,2375367.8,,80.5,1.906,
607192.6,2375398.6,,68.5,1.836,
604664.6,2374674.9,,71.3,1.853,
604664.4,2374705.6,,51.6,1.713,
600937.4,2376988.1,,107.8,2.033,
600908.6,2376987.9,,222,2.346,
600908.6,2376987.9,,121.7,2.085,
599872.3,2377043,,418.3,2.621,
599958.6,2377043.5,,108.5,2.035,
603423.8,2379678.8,,511.5,2.709,
599130.5,2380697.3,,292.1,2.465,
597036.1,2379731.5,,505,2.703,
597456.4,2381609.6,,21.4,1.33,
598544.5,2382446.4,,51.9,1.715,
593683,2382417.5,,273.4,2.437,
590082.8,2383227.7,,5.7,0.758,
591290.6,2383264.9,,403.6,2.606,
591688.1,2384189.4,,2090,3.32,
586769.4,2384286.2,,349.6,2.544,
588006.2,2384292.9,,23.8,1.377,
585763.3,2384188.6,,769.4,2.886,
585733.7,2384342.2,,230.2,2.362,
586279.4,2384498.9,,235.5,2.372,
593606.8,2385645.4,,1379.5,3.14,
593919.5,2386293,,423.1,2.626,
593919.3,2386323.7,,330,2.518,
591794.8,2385665.9,,5668.3,3.753,
582071.9,2386168,,153.1,2.185,
594889,2387713,,632.6,2.801,
614216.2,2387499.8,,28.6,1.457,
614360.9,2387377.8,,60.3,1.78,
614419.3,2387255.2,,78.7,1.896,
614535,2387163.8,,30.3,1.481,
613955.3,2387805.4,,74.6,1.873,
613206.9,2387892.4,,11.2,1.048,
613262.5,2388169.5,,62.1,1.793,
611959.9,2389390.4,,60.4,1.781,
611378.9,2390247.3,,62.6,1.797,
612239.1,2390591.4,,39.8,1.6,
611365.1,2392245.9,,7.6,0.881,
611451.3,2392246.5,,77.6,1.89,
598425.2,2392592.3,,142.8,2.155,
611420.9,2392492.2,,11.9,1.075,
610610.8,2393224.7,,54.3,1.735,
610639.8,2393194.1,,22.9,1.361,
609746.3,2393526.3,,44.6,1.649,
610473,2392362.8,,220.9,2.344,
599590.2,2394813.2,,432,2.635,
599127.7,2395240.8,,1574.2,3.197,
608014.1,2394621.6,,91.9,1.963,
608014.1,2394621.6,,105.6,2.023,
607308.2,2397015.1,,39.5,1.597,
607279.3,2397045.7,,25.8,1.412,
603699.3,2399512.8,,42.1,1.624,
602756,2398738,,46.4,1.667,
602842.2,2398738.6,,254,2.405,
602813.2,2398769.1,,26.5,1.423,
608070.4,2399080.1,,85.3,1.931,
608017.9,2398341.9,,316.2,2.5,
605858.8,2398881.2,,101.5,2.006,
605711.7,2399402.9,,77.4,1.889,
605965.1,2400203.8,,9,0.954,
723871,2329671.8,,105.4,2.023,
720251.9,2330361.6,,1774.5,3.249,
720574,2330027.5,,23.5,1.371,
714647.3,2330534.2,,2830.4,3.452,
714001.5,2331356.4,,1280.8,3.107,
731603.1,2334330.1,,941.7,2.974,
708406.6,2333130.7,,10.4,1.016,
706199.2,2334210.4,,750,2.875,
707875.5,2336353.9,,32.5,1.512,
698824.6,2337718.9,,152.1,2.182,
705959.3,2339559.7,,158.4,2.2,
705987.8,2339590.8,,181,2.258,
705785.8,2339588.3,,140.4,2.147,
734388.3,2339506.6,,1020.4,3.009,
705379.2,2339798.5,,91.9,1.963,
703984.7,2340550.2,,42.1,1.624,
744790.8,2325194.8,,187.4,2.273,
768001.2,2282966.7,,253.7,2.404,
800796.4,2284687.1,,216.3,2.335,
794403.4,2284113,,238.2,2.377,
792785.1,2283869.5,,183.1,2.263,
767304,2284924.9,,1348.8,3.13,
767113,2284183.4,,217.1,2.337,
767217.2,2284923.6,,1729.4,3.238,
807264.4,2287511.9,,76.4,1.883,
805853.1,2287055.4,,1036.9,3.016,
805286.6,2286337.2,,845.6,2.927,
805157.4,2287073.6,,45.4,1.657,
767757.6,2285547.5,,361,2.557,
767335.2,2286617.8,,103.1,2.013,
767373.4,2286033.7,,1177.7,3.071,
767437.6,2285634.7,,650.1,2.813,
767509.9,2286559,,86.1,1.935,
767327.6,2285263.8,,886.5,2.948,
767353.7,2285448.8,,762.4,2.882,
766558.8,2286267,,1454.8,3.163,
766960.5,2288334.9,,118.1,2.072,
766941.8,2287688.5,,79.2,1.899,
767064.9,2287228.9,,1084.2,3.035,
767258.8,2287785.8,,116.1,2.065,
766729.9,2288269.8,,1940.8,3.288,
768410.7,2290019.5,,2830.4,3.452,
768384.7,2289834.4,,679.7,2.832,
767054.4,2289721.1,,1827,3.262,
767035.2,2289105.4,,1215.3,3.085,
767194.3,2290031,,636.9,2.804,
766951.5,2290734.8,,1290,3.111,
766996.8,2291535.6,,186.2,2.27,
767059.1,2291259.6,,705.6,2.849,
766292.4,2292139.8,,1322,3.121,
766563.6,2291467.2,,2741,3.438,
766200.2,2292476.8,,781.5,2.893,
766642.1,2291991.5,,3681.6,3.566,
812243.1,2294005.3,,976.8,2.99,
765927.1,2293272.5,,620.3,2.793,
766032.2,2293951.1,,1014.6,3.006,
765714.8,2293884.6,,1506.4,3.178,
769237.8,2296248.3,,309.1,2.49,
769237.8,2296248.3,,392.2,2.593,
766832.8,2294579.2,,498.8,2.698,
765345.5,2297109.6,,977.5,2.99,
765482.9,2297573.3,,292.1,2.465,
812760.4,2297339.1,,1348.8,3.13,
811899.8,2300031.8,,443.4,2.647,
811815.8,2299876.3,,845.6,2.927,
764378.5,2299709.8,,1750.4,3.243,
809629.5,2300697.8,,1718.1,3.235,
808948,2301547.1,,501.4,2.7,
764487.9,2300111.5,,417.8,2.621,
806833.1,2303232,,2726.7,3.436,
774397.2,2302916.7,,677.8,2.831,
773962.8,2302940.4,,203,2.307,
770294.4,2302542.4,,154.5,2.189,
761012.6,2302149.5,,271.5,2.434,
761012.6,2302149.5,,941.7,2.974,
759167.9,2301690.1,,562.8,2.75,
758697,2302205.9,,746.7,2.873,
752338.4,2301770.7,,2249.5,3.352,
750615.7,2302821.7,,797.2,2.902,
751667.1,2302160.6,,73.6,1.867,
804224.5,2305031.2,,72.4,1.86,
761359.9,2304001,,16.7,1.222,
759019.5,2303810.9,,235.9,2.373,
775300.9,2306039.5,,448.8,2.652,
798124.1,2307968.6,,178.5,2.252,
798152.5,2307999.9,,281.8,2.45,
780393,2307755,,164.4,2.216,
761946.3,2309056.2,,345,2.538,
761300.5,2307815.4,,828.8,2.918,
761183.8,2307875.1,,243.5,2.387,
758596,2308758,,215.7,2.334,
746611.5,2307561.8,,177.2,2.248,
745825.8,2307888.7,,235.1,2.371,
776802.7,2309695.4,,763.4,2.883,
762491.4,2309341.7,,454.3,2.657,
762789.6,2310607.9,,217.4,2.337,
761179.6,2309998.1,,459,2.662,
761120.8,2310058.7,,2355.7,3.372,
760920.9,2309901.8,,232.4,2.366,
758703.4,2311159.6,,281.4,2.449,
745284.1,2309326.7,,597.5,2.776,
789513,2312372.5,,29.9,1.476,
789569.7,2312435.1,,126.4,2.102,
781226.5,2311523.3,,51.7,1.714,
777621.2,2312663.2,,2625.1,3.419,
777032.4,2311545.6,,880.9,2.945,
765460,2311819.4,,4386.2,3.642,
764735.7,2311900.2,,338.9,2.53,
762633,2311374.7,,324.2,2.511,
762633,2311374.7,,1170.4,3.068,
762633.5,2311343.9,,370.7,2.569,
762633.5,2311343.9,,322.1,2.508,
762863.8,2311409.1,,191.9,2.283,
762291.3,2311030.9,,3849.5,3.585,
762969.3,2312056.9,,888.8,2.949,
761747.8,2312499.3,,292.1,2.465,
761524.7,2311972.7,,1348.7,3.13,
761520.4,2312249.6,,228.1,2.358,
761778.2,2312407.4,,316.1,2.5,
758905.8,2311162.7,,175.7,2.245,
758864,2311992.8,,1114.6,3.047,
758810,2311745.8,,394.2,2.596,
758809.6,2311776.6,,481.6,2.683,
758838.5,2311777.1,,124,2.093,
743404.6,2311299.1,,438,2.641,
743404.6,2311299.1,,1408.2,3.149,
743885.8,2312013.7,,202.7,2.307,
744061,2311893.2,,157.1,2.196,
790211.8,2313769.5,,243.1,2.386,
789184.4,2314644.2,,557,2.746,
788513.6,2314971.1,,323.9,2.51,
788571.4,2314972.1,,63.5,1.803,
788433.8,2314569.7,,797.2,2.902,
787481.3,2314461,,407.6,2.61,
788067,2314040.2,,499.8,2.699,
782594.5,2314439.1,,1141.8,3.058,
782230.6,2313725.2,,105.2,2.022,
779674.6,2314389.9,,349.2,2.543,
780273.9,2314861.5,,699.4,2.845,
778303.3,2313382.3,,1253.6,3.098,
776111.1,2314792.1,,952.5,2.979,
777753.5,2313403.9,,564.5,2.752,
769527.2,2314253.8,,620.7,2.793,
769819.2,2314073.9,,54.2,1.734,
769560.5,2313977.4,,650.1,2.813,
769788.8,2314165.7,,1953.9,3.291,
769644.3,2314163.4,,1073.3,3.031,
767592.8,2314068.8,,3319.3,3.521,
767249.4,2313847.9,,403,2.605,
763997.9,2312842.4,,904.4,2.956,
759127.4,2313658.4,,405.4,2.608,
759098,2313688.7,,153.6,2.187,
758542.6,2314080.1,,651.3,2.814,
758571.5,2314080.6,,593.3,2.773,
758484.7,2314079.2,,673.2,2.828,
744071.9,2313124,,190.2,2.279,
744068.8,2313339.3,,1176.8,3.071,
787296.5,2316796.5,,3.6,0.554,
787543.2,2315908.4,,499.8,2.699,
787480.6,2316184.2,,499.8,2.699,
787184.6,2316579.2,,80,1.903,
787622.5,2316340.5,,18.5,1.267,
787036,2315130.3,,177.3,2.249,
787317.7,2315566,,345,2.538,
787963.5,2316684.9,,119.2,2.076,
787291.5,2315411.7,,345,2.538,
785071.8,2316696.8,,689.6,2.839,
784983,2316818.4,,772.9,2.888,
781384.3,2315895.7,,806.9,2.907,
782587.9,2316531.5,,256,2.408,
781806.4,2316579.8,,183.1,2.263,
782354.1,2316681.4,,2464.4,3.392,
778512.2,2316462.9,,2726.7,3.436,
777999.6,2315992.8,,588.9,2.77,
772888.8,2315569.9,,149.3,2.174,
771424.6,2314930.7,,638.2,2.805,
758551.9,2315341.8,,140.8,2.149,
743830.1,2315827.8,,55.5,1.744,
744085.7,2316139.2,,72,1.858,
742149,2316141.7,,351.5,2.546,
786708.4,2317371,,52.9,1.724,
786508.7,2317213.7,,88.3,1.946,
785121.7,2317159.2,,149.3,2.174,
784749.1,2316968.2,,768,2.885,
784974.6,2317310.6,,183.1,2.263,
784915.2,2317401.8,,188.3,2.275,
784774.3,2317184.1,,107,2.029,
783056.4,2317893.3,,1130.8,3.053,
783041,2317093,,913,2.96,
783174.1,2317772.2,,274.8,2.439,
783122.5,2317402.1,,94.6,1.976,
783504.1,2317070.1,,1271.5,3.104,
781904.9,2317596.9,,1364.2,3.135,
782188.7,2317909.4,,201.6,2.305,
782304.4,2317911.3,,478,2.679,
781845.5,2317688.2,,550.3,2.741,
782290,2317049.5,,4710.6,3.673,
777400.5,2317244.4,,1619.4,3.209,
776816.8,2317573.1,,16.4,1.216,
777054.7,2317177.1,,462.9,2.666,
777084.1,2317146.8,,53.6,1.729,
774859.5,2317048.4,,8.4,0.923,
757615.5,2317942.6,,1361.8,3.134,
757672.8,2317974.3,,1050.2,3.021,
758020.6,2317918.1,,22.7,1.357,
757963.3,2317886.5,,5.4,0.73,
745026.8,2317014.5,,291.1,2.464,
757895.9,2318500.8,,513,2.71,
757426,2318985.8,,781.1,2.893,
757927.7,2318316.7,,493,2.693,
757575.7,2318649.7,,2622.7,3.419,
757690.8,2318682.3,,190.1,2.279,
744682.3,2318824.6,,261.2,2.417,
744342.7,2318327.3,,275.1,2.44,
744591.5,2319100.1,,966.4,2.985,
740827.1,2319599.2,,863.1,2.936,
755424.6,2321324.2,,1225,3.088,
745054.2,2321045.2,,492.1,2.692,
745486.7,2321113.1,,434,2.637,
745393.2,2321573.2,,82.9,1.919,
745308.8,2321418.1,,763.4,2.883,
743869.7,2321027.8,,619.5,2.792,
742849.9,2321597.5,,2377.8,3.376,
741699.6,2321211.6,,8195,3.914,
741770.9,2320289.7,,197.4,2.295,
741589.4,2320840.8,,4514.4,3.655,
741655.3,2320288,,2308.2,3.363,
741567.7,2320348.3,,3343.6,3.524,
745621.2,2321791.9,,917.8,2.963,
746108.7,2322045.3,,820.4,2.914,
746072.5,2322537,,388.2,2.589,
745876.2,2322134.1,,548.3,2.739,
743270.3,2322495.8,,955.7,2.98,
742630.6,2322763.4,,774.7,2.889,
851383.7,2106599.2,,238.2,2.377,
858649.6,2110926.3,,35.2,1.546,
863339.2,2115113.4,,1953.9,3.291,
863311.1,2115051.3,,3470.7,3.54,
863395.9,2115206.9,,4514.5,3.655,
866465.9,2119794.1,,257.9,2.411,
866551.8,2119888.2,,1761.6,3.246,
866522.6,2119887.6,,4632.3,3.666,
827692.8,2121677.8,,784.4,2.895,
871486.5,2124791,,2038.7,3.309,
868792,2124921.3,,2830.4,3.452,
828461.5,2134250.4,,353.1,2.548,
828659.5,2141087.6,,2071,3.316,
916816.8,2144220.7,,423.1,2.626,
825345.2,2146660.7,,5333.1,3.727,
925244.2,2151502.7,,750.3,2.875,
925272.7,2151534.2,,43.2,1.635,
826986.4,2152815.7,,1210.6,3.083,
826348.4,2154189.3,,457.1,2.66,
826440.9,2153914,,1396.1,3.145,
827561.5,2154919.3,,85.5,1.932,
932642.3,2156332.7,,797.2,2.902,
931427.6,2159446.7,,1554.2,3.192,
925955.4,2159748,,573.7,2.759,
925926.9,2159716.5,,614.4,2.788,
924310.8,2158846.5,,742.5,2.871,
821683.4,2160353.7,,278.9,2.446,
937191,2161619.7,,692.4,2.84,
934322.7,2161796.7,,405,2.607,
922160.1,2160829.4,,894.9,2.952,
825815.5,2161043.7,,439.5,2.643,
823684.5,2161066.8,,50.2,1.701,
822255.4,2161010.3,,488,2.688,
821435.1,2161180.3,,269.6,2.431,
927306.7,2163138.5,,797.2,2.902,
927705.3,2163579.4,,171.4,2.234,
923661.5,2162836.6,,4514.5,3.655,
923663,2162775,,208,2.318,
822750.7,2162681.3,,62.8,1.798,
909101.7,2167150.8,,549.2,2.74,
822204.4,2165472.5,,87.5,1.942,
822202.2,2165595.6,,70.2,1.846,
819571.5,2165856.3,,171.9,2.235,
819886.3,2164569.2,,5697.6,3.756,
920455.7,2167475.1,,360.6,2.557,
820667.2,2166583.8,,296.1,2.471,
818816,2167320.2,,167.8,2.225,
819982.6,2167341,,507.8,2.706,
819166.5,2167295.7,,923.8,2.966,
920175.2,2169471.3,,478,2.679,
918633.5,2170451.9,,148,2.17,
820025.6,2168203.6,,896.2,2.952,
820028.3,2168049.8,,349.6,2.544,
820055.8,2168142.6,,370.4,2.569,
820087.2,2168020.1,,656.1,2.817,
927233.9,2171086.6,,963.8,2.984,
927348.4,2171181.8,,163.8,2.214,
922552.1,2171468.4,,1877.2,3.274,
914347.9,2172662.9,,427,2.63,
819733.4,2171491.8,,308.3,2.489,
820192.3,2170299.6,,29.2,1.465,
818304.7,2173097.6,,20,1.302,
923515.9,2173925.4,,530.2,2.724,
923602.8,2173958.3,,345,2.538,
916383,2175544.7,,3240.1,3.511,
916381.6,2175606.3,,2569,3.41,
916380.8,2175637.1,,2262.8,3.355,
915818.6,2175962.9,,318.6,2.503,
820160.2,2173715.6,,229.2,2.36,
918620.9,2178462.4,,999,3,
918564.7,2178368.7,,6610,3.82,
915000,2177268.6,,1410.3,3.149,
819629.8,2175645.2,,167.7,2.225,
819431.9,2175303,,413.6,2.617,
916288.9,2179578.6,,2228.9,3.348,
912978.3,2180117.8,,998.3,2.999,
913006.7,2180149.2,,514.9,2.712,
912979,2180087,,318,2.502,
906380.1,2178949.4,,8.7,0.938,
818987.9,2177295.8,,316.8,2.501,
816532.8,2177621.3,,669.9,2.826,
813578.5,2178153.8,,667.6,2.824,
918157.1,2182056.4,,181.8,2.26,
900619.4,2180759.7,,941.7,2.974,
818283.9,2179160.7,,85.9,1.934,
814645.3,2180481,,5311.5,3.725,
920069.1,2182656.1,,423.1,2.626,
914924.7,2184260.7,,83.1,1.92,
914726.3,2184009.6,,1502.1,3.177,
912955.9,2183598.7,,131.4,2.119,
912988.6,2183445.4,,256,2.408,
913100.3,2183663.6,,769.1,2.886,
913018.5,2183415.3,,4777.2,3.679,
913076.1,2183447.4,,460,2.663,
913135.1,2183418,,821.1,2.914,
911738.7,2184494.7,,2938,3.468,
904806,2183996.6,,118.5,2.074,
817249.6,2181573.7,,72.9,1.862,
908691.7,2185040.6,,53.7,1.73,
908719.5,2185102.8,,197.9,2.296,
817046.2,2183170.6,,8.5,0.929,
814127.4,2183395.7,,835.4,2.922,
914857.4,2185892.1,,593.8,2.774,
914857.4,2185892.1,,511.5,2.709,
816748.9,2185135.1,,413,2.616,
816669.2,2184702.8,,650.1,2.813,
816330.6,2185712.5,,159.9,2.204,
816293.2,2186173.5,,2131.7,3.329,
811542.2,2184550.6,,909.8,2.959,
811182.9,2185098.3,,306.1,2.486,
816504.9,2187377.7,,267.9,2.428,
816935.3,2187754.7,,163.4,2.213,
816372.4,2186636.6,,283.7,2.453,
819634.3,2189988.5,,250.2,2.398,
818328.5,2189688,,21.3,1.329,
818823.7,2189696.9,,243.1,2.386,
819228.7,2189858.1,,302.2,2.48,
817954.3,2189435.1,,32.5,1.512,
817925.1,2189434.5,,33.2,1.521,
908640.2,2192340.9,,740.9,2.87,
905444.1,2193099.3,,185.9,2.269,
818583.9,2191693.3,,43.4,1.637,
818758.6,2191696.4,,301.2,2.479,
819107,2191764.3,,187.8,2.274,
819542.8,2191833.7,,105.9,2.025,
815677.9,2191271.9,,1438.6,3.158,
816139.5,2191526.4,,387.8,2.589,
815908.7,2191399.2,,222,2.346,
813865.6,2191609.1,,252.4,2.402,
831711.6,2193935.1,,8.6,0.933,
819890.1,2191963.1,,97.8,1.99,
820325.8,2192032.5,,431.6,2.635,
817375.4,2192471.9,,26.2,1.418,
814850.5,2193565.6,,2980.5,3.474,
909483.8,2196211.5,,294.6,2.469,
831285.4,2194912.2,,31.1,1.493,
825511.3,2195236,,1084.2,3.035,
815138.5,2193755.4,,1581.8,3.199,
814835.2,2194427.2,,577.7,2.762,
909343.6,2198488.1,,28.5,1.454,
909541.9,2198739.1,,17.8,1.25,
910149.5,2198938.1,,211.7,2.326,
910177.2,2199000.4,,559.4,2.748,
910205.6,2199031.8,,288.5,2.46,
908831.2,2197952.5,,26.2,1.419,
906368.2,2201099.5,,197.8,2.296,
905838.3,2203859.8,,19.3,1.285,
906374,2203379.3,,8.8,0.942,
906248.2,2203776.9,,5.2,0.715,
836634.1,2201662.6,,115.7,2.063,
827159.4,2202192.3,,1527.5,3.184,
838943.8,2205739.8,,169.5,2.229,
838256,2206680.9,,41.9,1.622,
838484.7,2206900.8,,142.9,2.155,
835259.9,2206531.2,,1348.8,3.13,
828558.7,2205235.1,,2141,3.331,
826549.8,2205228.5,,801,2.904,
826088.7,2206543.6,,2903.6,3.463,
833962.9,2207368.6,,258.5,2.412,
830467.7,2207456.5,,64.2,1.807,
830809.4,2207863.1,,2672.5,3.427,
829921.1,2207107.6,,669.5,2.826,
828772.9,2207794.1,,776.6,2.89,
828421.3,2207910.7,,2541.5,3.405,
838955.7,2209649.9,,1085.7,3.036,
838987.2,2209527.3,,722.1,2.859,
838923.1,2209834,,908.6,2.958,
838000.2,2210893.7,,146.1,2.165,
832277.3,2210292,,855.3,2.932,
831417.1,2209598.5,,849.1,2.929,
893876.7,2213568.2,,80.7,1.907,
837951.5,2211908.7,,206.2,2.314,
837914.7,2212308.2,,118.9,2.075,
837942.7,2212370.3,,236.5,2.374,
832577.5,2211344.3,,320.7,2.506,
832667.1,2211222.9,,448.8,2.652,
831061.6,2211469.6,,583.8,2.766,
837834.6,2213445.8,,518.4,2.715,
837611.3,2212948.9,,79.8,1.902,
837395.8,2213560.5,,250.8,2.399,
837297.9,2214112.7,,128.8,2.11,
833489.1,2213916.7,,221.7,2.346,
888851,2216936.7,,365.7,2.563,
838536.9,2216260.9,,127.5,2.106,
835667.1,2215682.3,,370.1,2.568,
835561.4,2215126.1,,108.2,2.034,
835607.7,2215742.7,,617.8,2.791,
835632.1,2215989.4,,386.1,2.587,
833574.4,2215549.9,,72.6,1.861,
832832.7,2214766.2,,869.7,2.939,
833363.4,2214406.9,,149.3,2.174,
836539.9,2217207.5,,45.7,1.66,
834858.7,2216867.4,,1364.2,3.135,
834888.4,2216837.2,,499.8,2.699,
878365.8,2219817.6,,42.7,1.63,
831970.8,2218782.6,,313.3,2.496,
830335.8,2222168.7,,583.8,2.766,
869384.8,2224706.8,,166.4,2.221,
869478.9,2225755.8,,589.9,2.771,
869566.2,2225757.7,,676.3,2.83,
832445.9,2224394.5,,72.8,1.862,
832444.7,2224456,,149.3,2.174,
833038,2223851.6,,62.7,1.797,
833006.3,2225513.4,,150.7,2.178,
832792.2,2226063.5,,48.7,1.687,
858236.3,2227799.9,,411.7,2.615,
826194.3,2228986.3,,103.1,2.013,
826035.1,2229722.1,,168.9,2.228,
825267.4,2230354.1,,874.6,2.942,
825484.1,2229650.2,,1266.9,3.103,
825050.2,2231088.9,,3343.6,3.524,
839295.4,2238565,,88,1.944,
839323.2,2238627.1,,230.9,2.363,
836274.3,2239983.9,,46.7,1.669,
835758.6,2239604.5,,309.8,2.491,
831504.7,2241708.2,,319,2.504,
827124.9,2238238.7,,252.6,2.403,
826862.3,2239834.4,,642.3,2.808,
834016.8,2241017.7,,418.3,2.621,
834545,2240750.8,,219,2.34,
831721.6,2241004.3,,1564,3.194,
829240.4,2241603.3,,1262.2,3.101,
