,id,X_m,Y_m,Z_m,Hydraulic_conductivity_m/s
0,1,0,0,333.605,2.381984E-05
1,1,0,0,333.555,1.591897E-05
2,1,0,0,333.505,2.116966E-05
3,1,0,0,333.455,2.914027E-05
4,1,0,0,333.405,2.744064E-05
5,1,0,0,333.355,2.53692E-05
6,1,0,0,333.305,2.174217E-05
7,1,0,0,333.255,1.642746E-05
8,1,0,0,333.205,1.698262E-05
9,1,0,0,333.155,1.669349E-05
10,1,0,0,333.105,2.735888E-05
11,1,0,0,333.055,3.064308E-05
12,1,0,0,333.005,4.427903E-05
13,1,0,0,332.955,5.992256E-05
14,1,0,0,332.905,4.803004E-05
15,1,0,0,332.855,5.365893E-05
16,1,0,0,332.805,4.400141E-05
17,1,0,0,332.755,4.011275E-05
18,1,0,0,332.705,3.616161E-05
19,1,0,0,332.655,1.047826E-05
20,1,0,0,332.605,9.39715E-06
21,1,0,0,332.555,6.4422E-07
22,1,0,0,332.505,5.6564E-07
23,1,0,0,332.455,7.2269E-07
24,1,0,0,332.405,4.29146E-06
25,1,0,0,332.355,4.073686E-05
26,1,0,0,332.305,4.255984E-05
27,1,0,0,332.255,5.504491E-05
28,1,0,0,332.03,0.00012756846
29,1,0,0,331.98,0.00014634151
30,1,0,0,331.93,0.00017125875
31,1,0,0,331.88,0.00013368049
32,1,0,0,331.83,0.00011297061
33,1,0,0,331.78,0.00013288153
34,1,0,0,331.73,0.00013554602
35,1,0,0,331.68,0.00014099114
36,1,0,0,331.63,0.00011527271
37,1,0,0,331.58,0.00011239028
38,1,0,0,331.53,0.00013928674
39,1,0,0,331.48,0.00015468742
40,1,0,0,331.43,0.00017283726
41,1,0,0,331.38,0.00020204389
42,1,0,0,331.33,0.00014591944
43,1,0,0,331.28,0.00019495071
44,1,0,0,331.23,0.00022780083
45,1,0,0,331.18,0.00018418389
46,1,0,0,331.13,0.00013464385
47,1,0,0,331.08,0.00018229157
48,1,0,0,331.03,0.00023593657
49,1,0,0,330.98,0.00018984845
50,1,0,0,330.93,0.00021666826
51,1,0,0,330.88,0.00022880037
52,1,0,0,330.83,0.0001938367
53,1,0,0,330.78,0.0002436722
54,1,0,0,330.73,0.00018607663
55,1,0,0,330.68,0.00022440641
56,1,0,0,330.63,0.00023945251
57,1,0,0,330.58,0.00023010575
58,1,0,0,330.477,0.00024959047
59,1,0,0,330.427,0.00022659331
60,1,0,0,330.377,0.0002489214
61,1,0,0,330.327,0.00026642532
62,1,0,0,330.277,0.00020984727
63,1,0,0,330.227,0.0002633294
64,1,0,0,330.177,0.00032334506
65,1,0,0,330.127,0.00029183888
66,1,0,0,330.077,0.00033677358
67,1,0,0,330.027,0.00037760397
68,1,0,0,329.977,0.00030535005
69,1,0,0,329.927,4.370014E-05
70,1,0,0,329.877,6.92499E-05
71,1,0,0,329.827,9.657918E-05
72,1,0,0,329.777,4.890749E-05
73,1,0,0,329.727,4.025653E-05
74,1,0,0,329.677,5.449636E-05
75,1,0,0,329.627,7.674002E-05
76,1,0,0,329.577,0.00011636046
77,1,0,0,329.527,0.00011845106
78,1,0,0,329.477,0.00020366299
79,1,0,0,329.427,0.00023519172
80,1,0,0,329.377,0.00022440641
81,1,0,0,329.327,0.00017349553
82,1,0,0,329.277,0.00025290903
83,1,0,0,329.227,0.00024493629
84,1,0,0,329.177,0.00018685576
85,1,0,0,329.127,0.00017424498
86,1,0,0,329.077,0.00024554029
87,1,0,0,329.033,7.71893E-06
88,1,0,0,328.983,1.589308E-05
89,1,0,0,328.933,3.427686E-05
90,1,0,0,328.883,6.107556E-05
91,1,0,0,328.833,8.278215E-05
92,1,0,0,328.783,9.884825E-05
93,1,0,0,328.733,7.507073E-05
94,2,4,0,333.604,3.630177E-05
95,2,4,0,333.554,4.948133E-05
96,2,4,0,333.504,6.882127E-05
97,2,4,0,333.454,7.81975E-05
98,2,4,0,333.404,4.984297E-05
99,2,4,0,333.354,1.427722E-05
100,2,4,0,333.304,1.262186E-05
101,2,4,0,333.254,1.790951E-05
102,2,4,0,333.204,1.592337E-05
103,2,4,0,333.154,1.979511E-05
104,2,4,0,333.104,2.976438E-05
105,2,4,0,333.054,1.997015E-05
106,2,4,0,333.004,1.300027E-05
107,2,4,0,332.954,1.54338E-05
108,2,4,0,332.904,7.24638E-06
109,2,4,0,332.854,7.37719E-06
110,2,4,0,332.804,4.83779E-06
111,2,4,0,332.754,2.4417E-06
112,2,4,0,332.704,2.48515E-06
113,2,4,0,332.654,1.46542E-06
114,2,4,0,332.604,2.66219E-06
115,2,4,0,332.554,1.450046E-05
116,2,4,0,332.504,1.253702E-05
117,2,4,0,332.454,1.771853E-05
118,2,4,0,332.404,4.398739E-05
119,2,4,0,332.354,3.125437E-05
120,2,4,0,332.304,4.881314E-05
121,2,4,0,332.254,5.792832E-05
122,2,4,0,332.204,0.00010698917
123,2,4,0,332.154,0.00014105546
124,2,4,0,332.104,0.00013624022
125,2,4,0,332.03,7.928979E-05
126,2,4,0,331.98,9.122588E-05
127,2,4,0,331.93,0.00016186692
128,2,4,0,331.88,0.00015249344
129,2,4,0,331.83,0.00011365547
130,2,4,0,331.78,0.00015729105
131,2,4,0,331.73,0.00015359459
132,2,4,0,331.68,0.00013587911
133,2,4,0,331.63,0.00013666865
134,2,4,0,331.58,0.00015453825
135,2,4,0,331.53,0.00028253452
136,2,4,0,331.48,0.00014449584
137,2,4,0,331.43,0.00019445473
138,2,4,0,331.38,0.000173848
139,2,4,0,331.33,0.0001818816
140,2,4,0,331.28,0.00015476304
141,2,4,0,331.23,0.00021784777
142,2,4,0,331.18,0.00020951025
143,2,4,0,331.13,0.00012933802
144,2,4,0,331.08,0.00019066807
145,2,4,0,331.03,0.0001770548
146,2,4,0,330.98,0.00019687422
147,2,4,0,330.93,0.00021556337
148,2,4,0,330.88,0.00015977771
149,2,4,0,330.83,0.00019562699
150,2,4,0,330.78,3.786663E-05
151,2,4,0,330.73,5.853661E-05
152,2,4,0,330.68,2.312062E-05
153,2,4,0,330.63,5.783184E-05
154,2,4,0,330.58,7.885647E-05
155,2,4,0,330.556,4.011877E-05
156,2,4,0,330.506,6.554292E-05
157,2,4,0,330.456,8.636049E-05
158,2,4,0,330.406,0.00014838044
159,2,4,0,330.356,0.00012981663
160,2,4,0,330.306,0.0001216345
161,2,4,0,330.256,0.00013713725
162,2,4,0,330.206,0.00012381946
163,2,4,0,330.156,0.00012921475
164,2,4,0,330.106,0.0001830255
165,3,8,0,333.708,0.00027857348
166,3,8,0,333.658,0.00027002567
167,3,8,0,333.608,0.00019951683
168,3,8,0,333.558,0.00024250879
169,3,8,0,333.508,0.00025087904
170,3,8,0,333.458,0.00017426075
171,3,8,0,333.408,0.00022823498
172,3,8,0,333.358,0.0002064445
173,3,8,0,333.308,0.00018245176
174,3,8,0,333.258,0.00013650528
175,3,8,0,333.208,0.00013169888
176,3,8,0,333.158,0.00012588745
177,3,8,0,333.108,0.00011843828
178,3,8,0,333.058,9.365857E-05
179,3,8,0,333.008,6.70173E-05
180,3,8,0,332.958,6.217544E-05
181,3,8,0,332.908,1.672998E-05
182,3,8,0,332.858,1.770578E-05
183,3,8,0,332.808,2.531313E-05
184,3,8,0,332.758,2.829193E-05
185,3,8,0,332.708,2.110838E-05
186,3,8,0,332.184,1.889592E-05
187,3,8,0,332.134,5.150629E-05
188,3,8,0,332.084,6.262505E-05
189,3,8,0,332.034,9.468547E-05
190,3,8,0,331.984,0.0001032092
191,3,8,0,331.934,0.00017187368
192,3,8,0,331.884,0.00016724744
193,3,8,0,331.834,0.00015801221
194,3,8,0,331.784,0.00018814126
195,3,8,0,331.734,0.00017328952
196,3,8,0,331.684,0.00013956811
197,3,8,0,331.634,0.00014575755
198,3,8,0,331.584,0.00015476304
199,3,8,0,331.534,0.0001435164
200,3,8,0,331.484,0.00012641524
201,3,8,0,331.434,0.00014223927
202,3,8,0,331.384,0.00021974117
203,3,8,0,331.334,0.0001627563
204,3,8,0,331.284,0.00025838663
205,3,8,0,331.234,0.00023394085
206,3,8,0,331.184,0.00023225006
207,3,8,0,331.134,0.00022299659
208,3,8,0,331.084,0.0002489214
209,3,8,0,331.034,0.00022880037
210,3,8,0,330.984,0.000196314
211,3,8,0,330.934,0.00013852753
212,3,8,0,330.884,0.00025087117
213,3,8,0,330.834,0.0003053778
214,3,8,0,330.784,0.00029972849
215,3,8,0,330.734,0.00020196332
216,3,8,0,330.66,0.00018127465
217,3,8,0,330.61,0.00020028159
218,3,8,0,330.56,0.00014205142
219,3,8,0,330.51,3.553532E-05
220,3,8,0,330.46,4.31466E-05
221,3,8,0,330.41,5.778223E-05
222,3,8,0,330.36,7.366126E-05
223,3,8,0,330.31,5.11001E-05
224,3,8,0,330.26,7.900953E-05
225,3,8,0,330.21,0.00012107524
226,3,8,0,330.16,0.00014335495
227,3,8,0,330.11,0.00016744854
228,3,8,0,330.06,0.00022460274
229,3,8,0,330.01,0.00020052073
230,3,8,0,329.96,0.00027705506
231,3,8,0,329.91,0.00013049801
232,3,8,0,329.86,0.00015321541
233,3,8,0,329.81,0.00014341076
234,3,8,0,329.76,0.00011845106
235,3,8,0,329.71,0.00013488207
236,3,8,0,329.66,0.00010254588
237,3,8,0,329.61,8.391401E-05
238,3,8,0,329.56,8.947119E-05
239,3,8,0,329.51,6.108299E-05
240,3,8,0,329.46,4.172742E-05
241,3,8,0,329.41,3.658538E-05
242,4,12,0,333.57,0.00015027699
243,4,12,0,333.52,0.00012543558
244,4,12,0,333.47,0.00013650528
245,4,12,0,333.42,0.00016114435
246,4,12,0,333.37,0.00013790633
247,4,12,0,333.32,0.00013508447
248,4,12,0,333.27,0.00013165176
249,4,12,0,333.22,0.00014272785
250,4,12,0,333.17,0.00012760627
251,4,12,0,333.12,7.922247E-05
252,4,12,0,333.07,0.00014186612
253,4,12,0,333.02,8.563671E-05
254,4,12,0,332.97,0.0001581277
255,4,12,0,332.92,8.070922E-05
256,4,12,0,332.87,6.671542E-05
257,4,12,0,332.82,7.437432E-05
258,4,12,0,332.77,7.642161E-05
259,4,12,0,332.72,7.330241E-05
260,4,12,0,332.67,0.00012767951
261,4,12,0,332.62,0.00010371228
262,4,12,0,332.57,0.0001118295
263,4,12,0,332.52,0.00011107273
264,4,12,0,332.47,8.712249E-05
265,4,12,0,332.42,1.119434E-05
266,4,12,0,332.37,1.793004E-05
267,4,12,0,332.32,4.316063E-05
268,4,12,0,332.27,5.731505E-05
269,4,12,0,332.146,6.873381E-05
270,4,12,0,332.096,7.906385E-05
271,4,12,0,332.046,0.00014404086
272,4,12,0,331.996,9.727963E-05
273,4,12,0,331.946,0.00011101055
274,4,12,0,331.896,0.00012981663
275,4,12,0,331.846,0.00011956413
276,4,12,0,331.796,9.346474E-05
277,4,12,0,331.746,0.00015214644
278,4,12,0,331.696,0.0001109254
279,4,12,0,331.646,9.093065E-05
280,4,12,0,331.596,0.00011396188
281,4,12,0,331.546,0.00012763768
282,4,12,0,331.496,0.00013271432
283,4,12,0,331.446,0.0001392395
284,4,12,0,331.396,0.00010592671
285,4,12,0,331.346,0.00014205142
286,4,12,0,331.296,0.00015531875
287,4,12,0,331.246,0.00015964529
288,4,12,0,331.196,0.00021428729
289,4,12,0,331.146,0.00023600669
290,4,12,0,331.096,0.00016035142
291,4,12,0,331.046,0.00022735199
292,4,12,0,330.996,0.00025309921
293,4,12,0,330.946,0.00023600669
294,4,12,0,330.896,0.00023839621
295,4,12,0,330.846,0.00015645729
296,4,12,0,330.796,0.00017125875
297,4,12,0,330.746,0.0002682755
298,4,12,0,330.696,0.00021387056
299,4,12,0,330.646,0.00018984845
300,4,12,0,330.622,8.66673E-05
301,4,12,0,330.572,6.094697E-05
302,4,12,0,330.522,5.143254E-05
303,4,12,0,330.472,6.037563E-05
304,4,12,0,330.422,4.931071E-05
305,4,12,0,330.372,4.902496E-05
306,4,12,0,330.322,4.594746E-05
307,4,12,0,330.272,7.86515E-05
308,4,12,0,330.222,0.00010250972
309,4,12,0,330.172,0.00017246282
310,4,12,0,330.122,0.00017590537
311,4,12,0,330.072,0.00011235929
312,4,12,0,330.022,7.332091E-05
313,4,12,0,329.972,0.00010166229
314,4,12,0,329.922,8.888183E-05
315,4,12,0,329.872,7.972892E-05
316,4,12,0,329.822,0.00011695833
317,4,12,0,329.772,0.00011589502
318,4,12,0,329.722,0.0001143542
319,4,12,0,329.672,0.00013535375
320,4,12,0,329.622,7.878846E-05
321,4,12,0,329.572,4.749796E-05
322,4,12,0,329.522,4.009532E-05
323,5,16,0,333.744,2.015608E-05
324,5,16,0,333.694,1.725987E-05
325,5,16,0,333.644,1.162794E-05
326,5,16,0,333.594,9.99261E-06
327,5,16,0,333.554,1.003168E-05
328,5,16,0,333.494,3.588483E-05
329,5,16,0,333.444,8.325791E-05
330,5,16,0,333.394,4.690017E-05
331,5,16,0,333.344,7.461809E-05
332,5,16,0,333.294,7.693934E-05
333,5,16,0,333.244,8.325791E-05
334,5,16,0,333.194,0.00011658042
335,5,16,0,333.144,9.636111E-05
336,5,16,0,333.094,0.0001204132
337,5,16,0,333.044,0.00010759484
338,5,16,0,332.994,8.6924E-05
339,5,16,0,332.944,8.387335E-05
340,5,16,0,332.894,0.00014591944
341,5,16,0,332.844,0.00014858335
342,5,16,0,332.794,0.0001581277
343,5,16,0,332.744,0.00017853408
344,5,16,0,332.694,0.00013816527
345,5,16,0,332.644,9.175362E-05
346,5,16,0,332.594,9.735299E-05
347,5,16,0,332.554,9.956236E-05
348,5,16,0,332.494,0.00013648838
349,5,16,0,332.444,0.0001133378
350,5,16,0,332.394,0.00011898525
351,5,16,0,332.344,5.506928E-05
352,5,16,0,332.294,9.828251E-05
353,5,16,0,332.244,8.865689E-05
354,5,16,0,332.22,7.19371E-05
355,5,16,0,332.17,8.362372E-05
356,5,16,0,332.12,0.00010655269
357,5,16,0,332.07,8.648882E-05
358,5,16,0,332.02,9.366885E-05
359,5,16,0,331.97,0.00012925221
360,5,16,0,331.92,0.00022385427
361,5,16,0,331.87,0.00017125875
362,5,16,0,331.82,0.00030275605
363,5,16,0,331.77,0.00033052867
364,5,16,0,331.72,0.00030753112
365,5,16,0,331.67,0.00026507142
366,5,16,0,331.62,0.00026238725
367,5,16,0,331.57,0.00031550367
368,5,16,0,331.52,0.00028505398
369,5,16,0,331.47,0.00022351886
370,5,16,0,331.42,0.00018815337
371,5,16,0,331.37,0.00020293432
372,5,16,0,331.07,0.00030275605
373,5,16,0,331.02,0.0002066435
374,5,16,0,330.97,0.00029145106
375,5,16,0,330.92,0.00035061512
376,5,16,0,330.87,0.00040319846
377,5,16,0,330.82,0.00042818356
378,5,16,0,330.77,0.00037276289
379,5,16,0,330.546,7.513849E-05
380,5,16,0,330.496,9.460461E-05
381,5,16,0,330.446,0.00012767951
382,5,16,0,330.396,4.383321E-05
383,5,16,0,330.346,3.904437E-05
384,5,16,0,330.296,4.705394E-05
385,5,16,0,330.246,5.168926E-05
386,5,16,0,330.196,6.057596E-05
387,5,16,0,330.146,5.612893E-05
388,5,16,0,330.096,6.22459E-05
389,5,16,0,330.046,7.446274E-05
390,5,16,0,329.996,0.0001098153
391,5,16,0,329.946,0.00014875283
392,5,16,0,329.896,0.00018616676
393,5,16,0,329.846,0.00017222639
394,5,16,0,329.796,0.0002077913
395,5,16,0,329.746,0.00011759586
396,5,16,0,329.696,0.00012067599
397,5,16,0,329.646,0.00013562375
398,5,16,0,329.596,0.0001032092
399,5,16,0,329.546,0.00012350647
400,5,16,0,329.496,7.929443E-05
401,5,16,0,329.446,6.886086E-05
402,5,16,0,329.396,4.541341E-05
403,5,16,0,329.346,5.104164E-05
404,5,16,0,329.296,3.929307E-05
405,18,18,0,333.768,0.00032730454
406,18,18,0,333.718,0.0003766244
407,18,18,0,333.668,5.871236E-05
408,18,18,0,333.618,6.38643E-05
409,18,18,0,333.568,3.018177E-05
410,18,18,0,333.518,4.409048E-05
411,18,18,0,333.468,4.497845E-05
412,18,18,0,333.418,2.51119E-05
413,18,18,0,333.368,2.25398E-05
414,18,18,0,333.318,2.349732E-05
415,18,18,0,333.268,2.165584E-05
416,18,18,0,333.218,1.576832E-05
417,18,18,0,333.168,1.15358E-05
418,18,18,0,333.118,1.112434E-05
419,18,18,0,333.068,6.46243E-06
420,18,18,0,333.018,4.6879E-06
421,18,18,0,332.968,5.51941E-06
422,18,18,0,332.918,3.60803E-06
423,18,18,0,332.868,8.90808E-06
424,18,18,0,332.818,1.837465E-05
425,18,18,0,332.768,2.036019E-05
426,18,18,0,332.718,4.446666E-05
427,18,18,0,332.668,7.370933E-05
428,18,18,0,332.618,5.432719E-05
429,18,18,0,332.568,5.738456E-05
430,18,18,0,332.518,7.049636E-05
431,18,18,0,332.468,6.108679E-05
432,18,18,0,332.418,8.40249E-05
433,18,18,0,332.368,9.968391E-05
434,18,18,0,332.318,9.22731E-05
435,18,18,0,332.268,8.137073E-05
436,18,18,0,332.244,8.79186E-05
437,18,18,0,332.194,0.00010789818
438,18,18,0,332.144,0.00012283955
439,18,18,0,332.094,0.00013092182
440,18,18,0,332.044,0.0001581972
441,18,18,0,331.994,0.00018983402
442,18,18,0,331.944,0.00012138927
443,18,18,0,331.894,0.0001134929
444,18,18,0,331.844,9.455157E-05
445,18,18,0,331.794,5.507833E-05
446,18,18,0,331.744,3.961611E-05
447,18,18,0,331.694,7.766548E-05
448,18,18,0,331.644,0.00014394545
449,18,18,0,331.594,0.0001598464
450,18,18,0,331.544,6.530542E-05
451,18,18,0,331.494,0.00018815195
452,18,18,0,331.444,0.00024675852
453,18,18,0,331.394,0.00026879897
454,18,18,0,331.344,0.00028820047
455,18,18,0,331.294,0.00027530289
456,18,18,0,331.244,0.00024547841
457,18,18,0,331.194,0.00023414863
458,18,18,0,331.144,0.00027275379
459,18,18,0,331.094,0.00020599587
460,18,18,0,331.044,0.00014602818
461,18,18,0,330.994,0.00024025869
462,18,18,0,330.944,0.00029514255
463,18,18,0,330.894,0.00021279919
464,18,18,0,330.844,0.0001055382
465,18,18,0,330.72,0.00014245379
466,18,18,0,330.67,0.0001211171
467,18,18,0,330.62,0.00011850682
468,18,18,0,330.57,8.407823E-05
469,18,18,0,330.52,6.731796E-05
470,18,18,0,330.47,5.705245E-05
471,18,18,0,330.42,7.202043E-05
472,18,18,0,330.37,5.984977E-05
473,18,18,0,330.32,2.909011E-05
474,18,18,0,330.27,3.273045E-05
475,18,18,0,330.22,6.653153E-05
476,18,18,0,330.17,9.956467E-05
477,18,18,0,330.12,0.000150664
478,18,18,0,330.07,0.00014230632
479,18,18,0,330.02,0.00026301258
480,18,18,0,329.97,0.00010693528
481,18,18,0,329.92,7.67973E-05
482,18,18,0,329.87,6.020252E-05
483,18,18,0,329.82,0.00010384858
484,18,18,0,329.77,8.734814E-05
485,18,18,0,329.72,9.428972E-05
486,18,18,0,329.67,0.00011032737
487,18,18,0,329.62,6.653153E-05
488,18,18,0,329.57,8.048472E-05
489,18,18,0,329.52,3.906104E-05
490,18,18,0,329.47,3.257991E-05
491,18,18,0,329.42,5.106013E-05
492,18,18,0,329.37,3.323545E-05
493,18,18,0,329.32,2.9115E-06
494,6,20,0,333.793,1.921228E-05
495,6,20,0,333.743,8.46248E-06
496,6,20,0,333.693,1.405972E-05
497,6,20,0,333.643,1.10353E-05
498,6,20,0,333.593,7.70811E-06
499,6,20,0,333.543,9.17567E-06
500,6,20,0,333.493,9.13913E-06
501,6,20,0,333.453,1.048326E-05
502,6,20,0,333.393,9.65667E-06
503,6,20,0,333.343,8.79915E-06
504,6,20,0,333.293,6.7856E-06
505,6,20,0,333.243,4.98831E-06
506,6,20,0,333.193,7.52056E-06
507,6,20,0,333.143,7.71919E-06
508,6,20,0,333.093,1.158256E-05
509,6,20,0,333.043,1.150251E-05
510,6,20,0,332.993,1.218325E-05
511,6,20,0,332.943,9.86279E-06
512,6,20,0,332.893,7.11843E-06
513,6,20,0,332.843,5.70971E-06
514,6,20,0,332.793,4.77463E-06
515,6,20,0,332.743,5.70503E-06
516,6,20,0,332.693,7.92063E-06
517,6,20,0,332.643,4.28454E-06
518,6,20,0,332.593,9.37517E-06
519,6,20,0,332.543,2.278697E-05
520,6,20,0,332.269,3.872111E-05
521,6,20,0,332.219,2.019909E-05
522,6,20,0,332.169,4.4631E-05
523,6,20,0,332.119,5.405092E-05
524,6,20,0,332.069,6.285325E-05
525,6,20,0,332.019,6.524592E-05
526,6,20,0,331.969,6.329108E-05
527,6,20,0,331.919,7.56682E-05
528,6,20,0,331.869,7.303538E-05
529,6,20,0,331.819,9.151275E-05
530,6,20,0,331.769,8.965583E-05
531,6,20,0,331.719,8.39819E-05
532,6,20,0,331.669,9.399409E-05
533,6,20,0,331.619,9.407597E-05
534,6,20,0,331.569,0.0001010704
535,6,20,0,331.519,0.00011183607
536,6,20,0,331.469,0.00013646175
537,6,20,0,331.419,0.0001290906
538,6,20,0,331.369,0.00012867411
539,6,20,0,331.319,8.534034E-05
540,6,20,0,331.269,4.193579E-05
541,6,20,0,331.219,2.671887E-05
542,6,20,0,331.169,7.272773E-05
543,6,20,0,331.119,0.00011303425
544,6,20,0,331.069,0.00015756195
545,6,20,0,331.019,9.876415E-05
546,6,20,0,330.969,9.492422E-05
547,6,20,0,330.919,5.997068E-05
548,6,20,0,330.869,3.017763E-05
549,6,20,0,330.819,3.321509E-05
550,6,20,0,330.745,0.00013706132
551,6,20,0,330.695,0.0001398733
552,6,20,0,330.645,0.00014697854
553,6,20,0,330.595,8.548203E-05
554,6,20,0,330.545,0.00012488687
555,6,20,0,330.495,0.00010210339
556,6,20,0,330.445,0.00013857645
557,6,20,0,330.395,0.0002476018
558,6,20,0,330.345,0.00023447988
559,6,20,0,330.295,0.00024387548
560,6,20,0,330.255,0.0001558042
561,6,20,0,330.195,0.00025535902
562,6,20,0,330.145,9.244872E-05
563,6,20,0,330.095,4.288423E-05
564,6,20,0,330.045,4.614009E-05
565,6,20,0,329.995,7.637106E-05
566,6,20,0,329.945,7.737906E-05
567,6,20,0,329.895,8.109062E-05
568,6,20,0,329.845,3.421998E-05
569,6,20,0,329.795,6.523976E-05
570,6,20,0,329.745,8.788733E-05
571,6,20,0,329.695,0.00011856301
572,6,20,0,329.645,0.0001248554
573,6,20,0,329.595,0.00018217894
574,6,20,0,329.545,0.00022281886
575,6,20,0,329.495,8.599183E-05
576,6,20,0,329.445,0.00011893006
577,6,20,0,329.395,6.461177E-05
578,6,20,0,329.345,8.280525E-05
579,6,20,0,329.295,8.747958E-05
580,6,20,0,329.221,7.017825E-05
581,6,20,0,329.171,6.037563E-05
582,6,20,0,329.121,5.267074E-05
583,6,20,0,329.071,5.258395E-05
584,6,20,0,329.021,1.262358E-05
585,6,20,0,328.971,1.358396E-05
586,6,20,0,328.921,1.82055E-06
587,6,20,0,328.871,1.89385E-06
588,6,20,0,328.821,1.17224E-06
589,6,20,0,328.771,1.78684E-06
590,6,20,0,328.721,1.55271E-06
591,6,20,0,328.671,1.4827E-06
592,6,20,0,328.621,1.34647E-06
593,6,20,0,328.571,4.14723E-06
594,6,20,0,328.521,9.7761E-07
595,6,20,0,328.471,1.65416E-06
596,6,20,0,328.421,9.1681E-07
597,6,20,0,328.371,1.43316E-06
598,6,20,0,328.321,1.93589E-06
599,6,20,0,328.271,1.01217E-06
600,6,20,0,328.221,1.99223E-06
601,6,20,0,328.171,1.02584E-06
602,6,20,0,328.121,1.00435E-06
603,6,20,0,328.071,1.86385E-06
604,6,20,0,328.021,9.8552E-07
605,6,20,0,327.971,1.45435E-06
606,6,20,0,327.921,3.13503E-06
607,6,20,0,327.871,1.44117E-06
608,6,20,0,327.821,1.59946E-06
609,19,22,0,333.828,8.00008E-06
610,19,22,0,333.778,5.69468E-06
611,19,22,0,333.728,6.17576E-06
612,19,22,0,333.678,6.39299E-06
613,19,22,0,333.628,1.244723E-05
614,19,22,0,333.578,1.405863E-05
615,19,22,0,333.528,1.69304E-05
616,19,22,0,333.478,1.735814E-05
617,19,22,0,333.428,1.556831E-05
618,19,22,0,333.378,9.85957E-06
619,19,22,0,333.328,8.20418E-06
620,19,22,0,333.278,8.29602E-06
621,19,22,0,333.228,8.34271E-06
622,19,22,0,333.178,1.28146E-05
623,19,22,0,333.128,1.370677E-05
624,19,22,0,333.078,1.920404E-05
625,19,22,0,333.028,1.853012E-05
626,19,22,0,332.978,1.424152E-05
627,19,22,0,332.928,6.4369E-06
628,19,22,0,332.878,6.47746E-06
629,19,22,0,332.828,1.018911E-05
630,19,22,0,332.778,8.87375E-06
631,19,22,0,332.304,7.41622E-06
632,19,22,0,332.254,2.47037E-05
633,19,22,0,332.204,4.155763E-05
634,19,22,0,332.154,4.952124E-05
635,19,22,0,332.104,7.845182E-05
636,19,22,0,332.054,6.5249E-05
637,19,22,0,332.004,4.823217E-05
638,19,22,0,331.954,0.00031192113
639,19,22,0,331.904,3.458312E-05
640,19,22,0,331.854,4.639379E-05
641,19,22,0,331.804,4.837896E-05
642,19,22,0,331.754,5.215292E-05
643,19,22,0,331.704,4.541546E-05
644,19,22,0,331.654,8.812045E-05
645,19,22,0,331.604,7.70688E-05
646,19,22,0,331.554,7.5332E-05
647,19,22,0,331.504,6.48207E-05
648,19,22,0,331.454,8.378103E-05
649,19,22,0,331.404,6.080658E-05
650,19,22,0,331.354,9.079338E-05
651,19,22,0,331.304,8.497329E-05
652,19,22,0,331.254,9.468453E-05
653,19,22,0,331.204,9.50239E-05
654,19,22,0,331.154,9.546382E-05
655,19,22,0,331.104,9.680839E-05
656,19,22,0,331.054,8.812045E-05
657,19,22,0,331.004,1.232131E-05
658,19,22,0,330.954,7.165316E-05
659,19,22,0,330.904,8.356712E-05
660,19,22,0,330.78,4.1406E-05
661,19,22,0,330.73,3.786995E-05
662,19,22,0,330.68,8.93303E-06
663,19,22,0,330.63,8.94701E-06
664,19,22,0,330.58,1.217864E-05
665,19,22,0,330.53,3.062755E-05
666,19,22,0,330.48,2.011801E-05
667,19,22,0,330.43,5.118083E-05
668,19,22,0,330.38,0.0001073968
669,19,22,0,330.33,0.00014237748
670,19,22,0,330.28,0.00016849405
671,19,22,0,330.23,0.00012554147
672,19,22,0,330.18,5.588126E-05
673,19,22,0,330.13,3.827352E-05
674,19,22,0,330.08,4.449296E-05
675,19,22,0,330.03,5.414965E-05
676,19,22,0,329.98,6.431749E-05
677,19,22,0,329.93,8.27776E-05
678,19,22,0,329.88,7.370933E-05
679,19,22,0,329.83,4.674215E-05
680,19,22,0,329.78,2.295036E-05
681,19,22,0,329.73,7.94146E-05
682,19,22,0,329.68,0.00011972626
683,19,22,0,329.63,0.00014602818
684,19,22,0,329.58,0.00019111071
685,19,22,0,329.53,0.00021572345
686,19,22,0,329.48,3.809148E-05
687,19,22,0,329.43,0.00016867228
688,19,22,0,329.38,8.602869E-05
689,19,22,0,329.156,0.00010263906
690,19,22,0,329.106,9.819136E-05
691,19,22,0,329.056,9.785394E-05
692,19,22,0,329.006,0.00010705073
693,19,22,0,328.956,9.428972E-05
694,19,22,0,328.906,9.428972E-05
695,19,22,0,328.856,7.998735E-05
696,19,22,0,328.806,4.738019E-05
697,19,22,0,328.756,3.827352E-05
698,19,22,0,328.706,7.190782E-05
699,19,22,0,328.656,4.031317E-05
700,19,22,0,328.606,1.31519E-06
701,19,22,0,328.556,1.98099E-06
702,19,22,0,328.506,5.5886E-06
703,19,22,0,328.456,1.75319E-06
704,19,22,0,328.406,1.45808E-06
705,7,24,0,333.862,1.703703E-05
706,7,24,0,333.812,7.41111E-05
707,7,24,0,333.762,3.794563E-05
708,7,24,0,333.712,1.027126E-05
709,7,24,0,333.662,1.320302E-05
710,7,24,0,333.612,2.796539E-05
711,7,24,0,333.562,2.47853E-05
712,7,24,0,333.512,2.657516E-05
713,7,24,0,333.462,7.44157E-06
714,7,24,0,333.412,7.92491E-06
715,7,24,0,333.362,8.46984E-06
716,7,24,0,333.312,2.143928E-05
717,7,24,0,333.262,1.914222E-05
718,7,24,0,333.212,1.809222E-05
719,7,24,0,333.162,4.605475E-05
720,7,24,0,333.112,4.076922E-05
721,7,24,0,333.062,4.112032E-05
722,7,24,0,333.012,4.35801E-05
723,7,24,0,332.962,2.319832E-05
724,7,24,0,332.912,1.427787E-05
725,7,24,0,332.862,1.684343E-05
726,7,24,0,332.812,4.88108E-06
727,7,24,0,332.762,1.311701E-05
728,7,24,0,332.712,6.08207E-06
729,7,24,0,332.662,1.20108E-05
730,7,24,0,332.612,2.081407E-05
731,7,24,0,332.562,1.228361E-05
732,7,24,0,332.512,9.05249E-06
733,7,24,0,332.462,3.87369E-06
734,7,24,0,332.412,8.93772E-06
735,7,24,0,332.338,1.263257E-05
736,7,24,0,332.288,8.13018E-06
737,7,24,0,332.238,8.87558E-06
738,7,24,0,332.188,1.683493E-05
739,7,24,0,332.138,1.085533E-05
740,7,24,0,332.088,1.094872E-05
741,7,24,0,332.038,4.70049E-06
742,7,24,0,331.988,2.34512E-06
743,7,24,0,331.938,0.00049954748
744,7,24,0,331.888,1.022287E-05
745,7,24,0,331.838,3.110901E-05
746,7,24,0,331.788,3.222987E-05
747,7,24,0,331.738,4.972167E-05
748,7,24,0,331.688,5.354135E-05
749,7,24,0,331.638,3.74254E-05
750,7,24,0,331.588,5.613809E-05
751,7,24,0,331.538,6.538223E-05
752,7,24,0,331.488,5.07322E-05
753,7,24,0,331.438,7.426238E-05
754,7,24,0,331.388,5.686916E-05
755,7,24,0,331.338,8.635722E-05
756,7,24,0,331.288,8.207947E-05
757,7,24,0,331.238,0.00011158109
758,7,24,0,331.188,5.491367E-05
759,7,24,0,331.138,9.716138E-05
760,7,24,0,331.088,0.00011339799
761,7,24,0,331.038,0.00015236591
762,7,24,0,330.988,0.0001448725
763,7,24,0,330.938,0.00011482709
764,7,24,0,330.888,7.924215E-05
765,7,24,0,330.814,4.840156E-05
766,7,24,0,330.764,4.217544E-05
767,7,24,0,330.714,4.608675E-05
768,7,24,0,330.664,4.158264E-05
769,7,24,0,330.614,5.458585E-05
770,7,24,0,330.564,4.131996E-05
771,7,24,0,330.514,4.72655E-05
772,7,24,0,330.464,5.510341E-05
773,7,24,0,329.29,3.108653E-05
774,7,24,0,329.24,2.398497E-05
775,7,24,0,329.19,2.723104E-05
776,7,24,0,329.14,1.994918E-05
777,7,24,0,329.09,1.637937E-05
778,7,24,0,329.04,4.74743E-06
779,7,24,0,328.99,1.20084E-06
780,7,24,0,328.94,1.1096E-06
781,7,24,0,328.89,1.1398E-06
782,7,24,0,328.84,1.40535E-06
783,7,24,0,328.79,2.01915E-06
784,7,24,0,328.74,5.0681E-07
785,8,28,0,333.985,9.67403E-06
786,8,28,0,333.935,1.271348E-05
787,8,28,0,333.885,9.58303E-06
788,8,28,0,333.835,1.216072E-05
789,8,28,0,333.785,1.095393E-05
790,8,28,0,333.735,1.429802E-05
791,8,28,0,333.685,1.217399E-05
792,8,28,0,333.635,1.081148E-05
793,8,28,0,333.585,1.06514E-05
794,8,28,0,333.535,1.283183E-05
795,8,28,0,333.485,1.729156E-05
796,8,28,0,333.435,1.124173E-05
797,8,28,0,333.385,1.887782E-05
798,8,28,0,333.335,1.924774E-05
799,8,28,0,333.285,1.562652E-05
800,8,28,0,333.235,1.036116E-05
801,8,28,0,333.185,1.326528E-05
802,8,28,0,333.135,1.651342E-05
803,8,28,0,333.085,1.537937E-05
804,8,28,0,333.035,2.096559E-05
805,8,28,0,332.985,1.101079E-05
806,8,28,0,332.935,2.646825E-05
807,8,28,0,332.885,3.420512E-05
808,8,28,0,332.835,4.817816E-05
809,8,28,0,332.785,5.29365E-05
810,8,28,0,332.735,5.459098E-05
811,8,28,0,332.685,6.65283E-05
812,8,28,0,332.635,6.142113E-05
813,8,28,0,332.585,2.99634E-05
814,8,28,0,332.535,2.655183E-05
815,8,28,0,332.461,4.820741E-05
816,8,28,0,332.411,4.879472E-05
817,8,28,0,332.361,5.296847E-05
818,8,28,0,332.311,4.24062E-05
819,8,28,0,332.261,3.383181E-05
820,8,28,0,332.211,2.680725E-05
821,8,28,0,332.161,2.121856E-05
822,8,28,0,332.111,1.581984E-05
823,8,28,0,332.061,2.389664E-05
824,8,28,0,332.011,1.714418E-05
825,8,28,0,331.961,1.840631E-05
826,8,28,0,331.911,2.868627E-05
827,8,28,0,331.861,2.10107E-05
828,8,28,0,331.811,1.026946E-05
829,8,28,0,331.761,3.147248E-05
830,8,28,0,331.711,8.18548E-06
831,8,28,0,331.661,6.86298E-06
832,8,28,0,331.611,1.017063E-05
833,8,28,0,331.561,1.163798E-05
834,8,28,0,331.511,1.602683E-05
835,8,28,0,330.937,4.083518E-05
836,8,28,0,330.887,3.317305E-05
837,8,28,0,330.837,4.026686E-05
838,8,28,0,330.787,4.61628E-05
839,8,28,0,330.737,4.171308E-05
840,8,28,0,330.687,6.162948E-05
841,8,28,0,330.637,4.740872E-05
842,8,28,0,330.587,5.57147E-05
843,8,28,0,330.537,7.084047E-05
844,8,28,0,330.487,6.076386E-05
845,8,28,0,330.437,4.979566E-05
846,8,28,0,330.387,4.855571E-05
847,8,28,0,330.337,4.604835E-05
848,8,28,0,330.287,5.393572E-05
849,8,28,0,330.237,5.174728E-05
850,8,28,0,330.187,4.994705E-05
851,8,28,0,330.137,3.989999E-05
852,8,28,0,330.087,4.720923E-05
853,8,28,0,330.037,1.443137E-05
854,8,28,0,329.987,1.31084E-05
855,8,28,0,329.937,3.615075E-05
856,8,28,0,329.887,5.752344E-05
857,8,28,0,329.837,5.75457E-05
858,8,28,0,329.787,6.230436E-05
859,8,28,0,329.737,4.263039E-05
860,8,28,0,329.687,3.931905E-05
861,8,28,0,329.637,8.074015E-05
862,8,28,0,329.587,0.00021428729
863,8,28,0,329.537,0.0002110764
864,8,28,0,329.487,0.00016967139
865,8,28,0,329.413,5.395283E-05
866,8,28,0,329.363,6.326316E-05
867,8,28,0,329.313,5.860699E-05
868,8,28,0,329.263,4.375598E-05
869,8,28,0,329.213,3.383364E-05
870,8,28,0,329.163,3.782671E-05
871,8,28,0,329.113,4.959562E-05
872,8,28,0,329.063,3.056929E-05
873,8,28,0,329.013,4.213051E-05
874,8,28,0,328.963,4.201663E-05
875,8,28,0,328.913,5.41428E-05
876,9,32,0,334.087,4.12677E-06
877,9,32,0,334.037,5.68627E-06
878,9,32,0,333.987,6.40935E-06
879,9,32,0,333.937,5.70953E-06
880,9,32,0,333.887,8.62449E-06
881,9,32,0,333.837,1.245407E-05
882,9,32,0,333.787,7.71197E-06
883,9,32,0,333.737,8.66442E-06
884,9,32,0,333.687,9.46807E-06
885,9,32,0,333.637,1.008969E-05
886,9,32,0,333.587,7.3136E-06
887,9,32,0,333.537,6.06486E-06
888,9,32,0,333.487,6.13427E-06
889,9,32,0,333.437,7.58817E-06
890,9,32,0,333.387,5.85858E-06
891,9,32,0,333.337,8.17298E-06
892,9,32,0,333.287,6.57925E-06
893,9,32,0,333.237,6.90631E-06
894,9,32,0,333.187,1.077255E-05
895,9,32,0,333.137,7.21245E-06
896,9,32,0,333.087,8.40262E-06
897,9,32,0,333.037,8.02348E-06
898,9,32,0,332.987,9.2212E-06
899,9,32,0,332.937,5.70194E-06
900,9,32,0,332.887,9.30265E-06
901,9,32,0,332.837,9.73673E-06
902,9,32,0,332.787,1.063456E-05
903,9,32,0,332.737,6.22782E-06
904,9,32,0,332.687,9.70323E-06
905,9,32,0,332.637,1.009973E-05
906,9,32,0,332.563,8.29571E-06
907,9,32,0,332.513,1.030211E-05
908,9,32,0,332.463,1.009927E-05
909,9,32,0,332.413,1.078471E-05
910,9,32,0,332.363,1.170316E-05
911,9,32,0,332.313,2.363567E-05
912,9,32,0,332.263,1.78763E-05
913,9,32,0,332.213,2.505915E-05
914,9,32,0,332.163,2.368498E-05
915,9,32,0,332.113,2.37983E-05
916,9,32,0,332.063,3.383844E-05
917,9,32,0,332.013,6.608066E-05
918,9,32,0,331.963,5.240009E-05
919,9,32,0,331.913,5.682774E-05
920,9,32,0,331.863,4.325332E-05
921,9,32,0,331.813,1.992736E-05
922,9,32,0,331.763,2.806143E-05
923,9,32,0,331.713,1.672125E-05
924,9,32,0,331.663,2.246498E-05
925,9,32,0,331.613,2.199793E-05
926,9,32,0,331.563,6.96174E-06
927,9,32,0,331.513,8.55018E-06
928,9,32,0,331.463,9.28668E-06
929,9,32,0,331.413,1.03352E-05
930,9,32,0,331.363,1.344282E-05
931,9,32,0,331.313,1.261837E-05
932,9,32,0,331.263,1.068114E-05
933,9,32,0,331.213,9.82403E-06
934,9,32,0,331.163,7.35085E-06
935,9,32,0,331.113,1.255366E-05
936,9,32,0,331.039,3.59642E-06
937,9,32,0,330.989,4.00383E-06
938,9,32,0,330.939,5.74948E-06
939,9,32,0,330.889,4.35508E-06
940,9,32,0,330.839,6.21117E-06
941,9,32,0,330.789,5.31864E-06
942,9,32,0,330.739,3.02957E-06
943,9,32,0,330.689,3.15528E-06
944,9,32,0,330.639,9.42869E-06
945,9,32,0,330.589,2.624487E-05
946,9,32,0,330.539,2.54233E-05
947,9,32,0,330.489,3.550275E-05
948,9,32,0,330.439,2.985572E-05
949,9,32,0,330.389,5.99268E-06
950,9,32,0,330.339,3.547158E-05
951,9,32,0,330.289,3.530642E-05
952,9,32,0,330.239,3.070508E-05
953,9,32,0,330.189,4.447737E-05
954,9,32,0,330.139,9.78301E-06
955,9,32,0,330.089,5.405193E-05
956,9,32,0,330.039,5.663556E-05
957,9,32,0,329.989,7.204083E-05
958,9,32,0,329.939,6.424336E-05
959,9,32,0,329.889,4.352388E-05
960,9,32,0,329.839,0.00010194847
961,9,32,0,329.789,6.83039E-05
962,9,32,0,329.515,1.406285E-05
963,9,32,0,329.465,1.533769E-05
964,9,32,0,329.415,1.423442E-05
965,9,32,0,329.365,1.061821E-05
966,9,32,0,329.315,3.556655E-05
967,9,32,0,329.265,1.047214E-05
968,9,32,0,329.215,8.1873E-06
969,9,32,0,329.165,7.1314E-06
970,9,32,0,329.115,1.495859E-05
971,9,32,0,329.065,5.92607E-06
972,9,32,0,329.015,4.35037E-06
973,9,32,0,328.965,6.45562E-06
974,9,32,0,328.915,8.35503E-06
975,9,32,0,328.865,1.028797E-05
976,9,32,0,328.815,7.37469E-06
977,9,32,0,328.765,1.246602E-05
978,9,32,0,328.715,3.64379E-06
979,9,32,0,328.665,1.862657E-05
980,9,32,0,328.615,2.415025E-05
981,9,32,0,328.565,2.748933E-05
982,9,32,0,328.515,3.033909E-05
983,9,32,0,328.465,1.711676E-05
984,9,32,0,328.415,1.508579E-05
985,9,32,0,328.365,3.566889E-05
986,9,32,0,328.315,2.9693E-06
987,10,36,0,334.091,1.025046E-05
988,10,36,0,334.041,8.95486E-06
989,10,36,0,333.991,1.087614E-05
990,10,36,0,333.941,9.33039E-06
991,10,36,0,333.891,1.493647E-05
992,10,36,0,333.841,1.187548E-05
993,10,36,0,333.791,7.64822E-06
994,10,36,0,333.741,8.06597E-06
995,10,36,0,333.691,9.75626E-06
996,10,36,0,333.641,1.669076E-05
997,10,36,0,333.591,9.33132E-06
998,10,36,0,333.541,7.13101E-06
999,10,36,0,333.491,4.34962E-06
1000,10,36,0,333.441,9.36757E-06
1001,10,36,0,333.391,6.68528E-06
1002,10,36,0,333.341,6.43676E-06
1003,10,36,0,333.291,7.16121E-06
1004,10,36,0,333.241,7.23158E-06
1005,10,36,0,333.191,7.73486E-06
1006,10,36,0,333.141,7.57173E-06
1007,10,36,0,333.091,8.01814E-06
1008,10,36,0,333.041,1.993813E-05
1009,10,36,0,332.991,1.401055E-05
1010,10,36,0,332.941,1.483132E-05
1011,10,36,0,332.891,9.37242E-06
1012,10,36,0,332.841,8.93385E-06
1013,10,36,0,332.791,7.03984E-06
1014,10,36,0,332.567,6.21731E-06
1015,10,36,0,332.517,6.06723E-06
1016,10,36,0,332.467,8.1477E-06
1017,10,36,0,332.417,8.13552E-06
1018,10,36,0,332.367,7.88257E-06
1019,10,36,0,332.317,7.01905E-06
1020,10,36,0,332.267,8.86876E-06
1021,10,36,0,332.217,8.99465E-06
1022,10,36,0,332.167,7.4925E-06
1023,10,36,0,332.117,9.36757E-06
1024,10,36,0,332.067,7.20847E-06
1025,10,36,0,332.017,7.36603E-06
1026,10,36,0,331.967,7.20356E-06
1027,10,36,0,331.917,4.84938E-06
1028,10,36,0,331.867,8.55003E-06
1029,10,36,0,331.817,1.025171E-05
1030,10,36,0,331.767,1.061764E-05
1031,10,36,0,331.717,9.05215E-06
1032,10,36,0,331.667,1.014299E-05
1033,10,36,0,331.617,8.45505E-06
1034,10,36,0,331.567,1.034063E-05
1035,10,36,0,331.517,1.003168E-05
1036,10,36,0,331.467,9.98093E-06
1037,10,36,0,331.417,9.73005E-06
1038,10,36,0,331.367,1.090734E-05
1039,10,36,0,331.317,1.211096E-05
1040,10,36,0,331.267,1.436268E-05
1041,10,36,0,331.217,1.675122E-05
1042,10,36,0,331.167,1.346569E-05
1043,10,36,0,331.117,1.894258E-05
1044,10,36,0,331.043,4.583665E-05
1045,10,36,0,330.993,6.393856E-05
1046,10,36,0,330.943,5.102444E-05
1047,10,36,0,330.893,5.948522E-05
1048,10,36,0,330.843,2.47037E-05
1049,10,36,0,330.793,1.981605E-05
1050,10,36,0,330.743,1.916666E-05
1051,10,36,0,330.693,1.463432E-05
1052,10,36,0,330.643,2.436282E-05
1053,10,36,0,330.593,3.68433E-05
1054,10,36,0,330.543,2.855444E-05
1055,10,36,0,330.493,2.46045E-05
1056,10,36,0,330.443,2.107674E-05
1057,10,36,0,330.393,1.990094E-05
1058,10,36,0,330.343,1.864285E-05
1059,10,36,0,330.293,9.98231E-06
1060,10,36,0,330.243,9.04611E-06
1061,10,36,0,330.193,7.94047E-06
1062,10,36,0,330.143,2.646825E-05
1063,10,36,0,330.093,3.220475E-05
1064,10,36,0,330.043,3.621532E-05
1065,10,36,0,329.993,3.878648E-05
1066,10,36,0,329.943,2.957172E-05
1067,10,36,0,329.893,3.197438E-05
1068,10,36,0,329.843,4.893549E-05
1069,10,36,0,329.793,3.084789E-05
1070,10,36,0,329.743,3.349888E-05
1071,10,36,0,329.693,6.175925E-05
1072,10,36,0,329.643,3.248376E-05
1073,10,36,0,329.593,4.039708E-05
1074,10,36,0,329.519,0.00013002509
1075,10,36,0,329.469,7.450835E-05
1076,10,36,0,329.419,8.618678E-05
1077,10,36,0,329.369,8.868897E-05
1078,10,36,0,329.319,9.014289E-05
1079,10,36,0,329.269,7.594912E-05
1080,10,36,0,329.219,8.26518E-06
1081,10,36,0,329.169,1.528064E-05
1082,10,36,0,329.119,2.292096E-05
1083,11,40,0,334.146,5.70817E-06
1084,11,40,0,334.096,5.23137E-06
1085,11,40,0,334.046,5.0819E-06
1086,11,40,0,333.996,5.75248E-06
1087,11,40,0,333.946,1.028008E-05
1088,11,40,0,333.896,9.26655E-06
1089,11,40,0,333.846,9.46099E-06
1090,11,40,0,333.796,1.123287E-05
1091,11,40,0,333.746,1.439361E-05
1092,11,40,0,333.696,8.56776E-06
1093,11,40,0,333.646,5.79109E-06
1094,11,40,0,333.596,6.53921E-06
1095,11,40,0,333.545,9.13785E-06
1096,11,40,0,333.496,1.104431E-05
1097,11,40,0,333.446,9.03034E-06
1098,11,40,0,333.396,8.98316E-06
1099,11,40,0,333.346,9.62482E-06
1100,11,40,0,333.296,1.186978E-05
1101,11,40,0,333.246,1.151369E-05
1102,11,40,0,333.196,1.249063E-05
1103,11,40,0,333.146,1.053885E-05
1104,11,40,0,333.096,1.170175E-05
1105,11,40,0,333.046,1.06891E-05
1106,11,40,0,332.996,8.03174E-06
1107,11,40,0,332.622,2.29474E-06
1108,11,40,0,332.572,2.34729E-06
1109,11,40,0,332.522,7.79087E-06
1110,11,40,0,332.472,1.047331E-05
1111,11,40,0,332.422,8.21935E-06
1112,11,40,0,332.372,7.13751E-06
1113,11,40,0,332.322,9.28107E-06
1114,11,40,0,332.272,7.52256E-06
1115,11,40,0,332.222,8.46488E-06
1116,11,40,0,332.172,9.4133E-06
1117,11,40,0,332.122,8.26466E-06
1118,11,40,0,332.072,8.82881E-06
1119,11,40,0,332.022,7.0528E-06
1120,11,40,0,331.972,6.69401E-06
1121,11,40,0,331.922,6.57925E-06
1122,11,40,0,331.872,5.82024E-06
1123,11,40,0,331.822,9.07483E-06
1124,11,40,0,331.772,7.98655E-06
1125,11,40,0,331.722,1.218141E-05
1126,11,40,0,331.672,1.086591E-05
1127,11,40,0,331.622,1.54646E-05
1128,11,40,0,331.572,2.986367E-05
1129,11,40,0,331.522,4.747913E-05
1130,11,40,0,331.472,3.032182E-05
1131,11,40,0,331.422,2.585413E-05
1132,11,40,0,331.372,3.783635E-05
1133,11,40,0,331.322,2.328097E-05
1134,11,40,0,331.272,1.713772E-05
1135,11,40,0,331.222,1.66003E-05
1136,11,40,0,331.098,2.774383E-05
1137,11,40,0,331.048,3.5291E-05
1138,11,40,0,330.998,3.842165E-05
1139,11,40,0,330.948,4.601023E-05
1140,11,40,0,330.898,5.060962E-05
1141,11,40,0,330.848,4.521677E-05
1142,11,40,0,330.798,3.795686E-05
1143,11,40,0,330.748,4.477428E-05
1144,11,40,0,330.698,5.703117E-05
1145,11,40,0,330.648,4.515172E-05
1146,11,40,0,330.598,4.309339E-05
1147,11,40,0,330.548,2.192471E-05
1148,11,40,0,330.498,2.572891E-05
1149,11,40,0,330.448,3.343358E-05
1150,11,40,0,330.398,2.717596E-05
1151,11,40,0,330.348,1.258652E-05
1152,11,40,0,330.298,2.153721E-05
1153,11,40,0,330.248,3.894998E-05
1154,11,40,0,330.198,4.183983E-05
1155,11,40,0,330.148,2.896525E-05
1156,11,40,0,330.098,2.312328E-05
1157,11,40,0,330.048,7.99266E-06
1158,11,40,0,329.998,5.066814E-05
1159,11,40,0,329.948,3.443074E-05
1160,11,40,0,329.898,5.989887E-05
1161,11,40,0,329.848,7.900454E-05
1162,11,40,0,329.798,8.576956E-05
1163,11,40,0,329.748,6.945243E-05
1164,11,40,0,329.698,7.744671E-05
1165,11,40,0,329.648,3.933273E-05
1166,11,40,0,329.574,6.666423E-05
1167,11,40,0,329.524,7.279253E-05
1168,11,40,0,329.474,9.096658E-05
1169,11,40,0,329.424,6.657853E-05
1170,11,40,0,329.244,6.98862E-05
1171,11,40,0,329.194,5.546374E-05
1172,11,40,0,329.144,5.560234E-05
1173,11,40,0,329.094,5.29175E-05
1174,11,40,0,329.044,6.430025E-05
1175,11,40,0,328.994,5.500346E-05
1176,11,40,0,328.944,1.090721E-05
1177,11,40,0,328.894,6.65741E-06
0,12,16.4,-11.4,333.686,1.582443E-05
1,12,16.4,-11.4,333.636,1.840282E-05
2,12,16.4,-11.4,333.586,1.735974E-05
3,12,16.4,-11.4,333.536,2.244951E-05
4,12,16.4,-11.4,333.486,2.110116E-05
5,12,16.4,-11.4,333.436,1.833495E-05
6,12,16.4,-11.4,333.386,2.094105E-05
7,12,16.4,-11.4,333.336,2.761319E-05
8,12,16.4,-11.4,333.286,2.649604E-05
9,12,16.4,-11.4,333.236,8.868897E-05
10,12,16.4,-11.4,333.186,0.00013002509
11,12,16.4,-11.4,333.136,0.00011210825
12,12,16.4,-11.4,333.086,7.454318E-05
13,12,16.4,-11.4,333.036,0.00012023432
14,12,16.4,-11.4,332.986,0.00011966191
15,12,16.4,-11.4,332.886,0.0002096988
16,12,16.4,-11.4,332.836,0.00014272785
17,12,16.4,-11.4,332.786,0.00013038343
18,12,16.4,-11.4,332.736,0.00020599587
19,12,16.4,-11.4,332.686,0.00014877479
20,12,16.4,-11.4,332.636,0.00014528314
21,12,16.4,-11.4,332.586,0.00011435942
22,12,16.4,-11.4,332.536,0.00019638273
23,12,16.4,-11.4,332.486,0.00014510601
24,12,16.4,-11.4,332.436,0.00013773449
25,12,16.4,-11.4,332.386,0.00012821374
26,12,16.4,-11.4,332.336,0.0001055382
27,12,16.4,-11.4,332.286,0.00012268146
28,12,16.4,-11.4,332.236,0.00010827184
29,12,16.4,-11.4,332.162,4.317151E-05
30,12,16.4,-11.4,332.112,4.515172E-05
31,12,16.4,-11.4,332.062,1.659204E-05
32,12,16.4,-11.4,332.012,2.377896E-05
33,12,16.4,-11.4,331.962,1.530058E-05
34,12,16.4,-11.4,331.912,2.289548E-05
35,12,16.4,-11.4,331.862,2.195339E-05
36,12,16.4,-11.4,331.812,2.515761E-05
37,12,16.4,-11.4,331.762,2.947208E-05
38,12,16.4,-11.4,331.712,3.024943E-05
39,12,16.4,-11.4,331.662,4.225207E-05
40,12,16.4,-11.4,331.612,3.45238E-05
41,12,16.4,-11.4,331.562,3.51563E-05
42,12,16.4,-11.4,331.512,4.730496E-05
43,12,16.4,-11.4,331.462,5.355204E-05
44,12,16.4,-11.4,331.412,3.87746E-05
45,12,16.4,-11.4,331.362,3.009505E-05
46,12,16.4,-11.4,331.312,2.59479E-05
47,12,16.4,-11.4,331.262,3.471156E-05
48,12,16.4,-11.4,331.212,7.805891E-05
49,12,16.4,-11.4,331.162,0.00011041599
50,12,16.4,-11.4,331.112,9.785394E-05
51,12,16.4,-11.4,331.062,0.00011926076
52,12,16.4,-11.4,331.012,0.0001095071
53,12,16.4,-11.4,330.962,0.00013890485
54,12,16.4,-11.4,330.912,0.00015564402
55,12,16.4,-11.4,330.862,0.00023336853
56,12,16.4,-11.4,330.812,0.00011831306
57,12,16.4,-11.4,330.762,0.0001414244
58,12,16.4,-11.4,330.712,9.275406E-05
59,12,16.4,-11.4,330.662,1.949208E-05
60,12,16.4,-11.4,330.638,0.00010335465
61,12,16.4,-11.4,330.588,9.370127E-05
62,12,16.4,-11.4,330.538,6.957718E-05
63,12,16.4,-11.4,330.488,8.114431E-05
64,12,16.4,-11.4,330.438,5.355845E-05
65,12,16.4,-11.4,330.388,3.334149E-05
66,12,16.4,-11.4,330.338,2.725524E-05
67,12,16.4,-11.4,329.888,2.839623E-05
68,12,16.4,-11.4,329.838,2.606454E-05
69,12,16.4,-11.4,329.788,2.837322E-05
70,12,16.4,-11.4,329.738,3.536619E-05
71,12,16.4,-11.4,329.688,3.005664E-05
72,12,16.4,-11.4,329.638,3.058437E-05
73,12,16.4,-11.4,329.588,4.193667E-05
74,12,16.4,-11.4,329.538,3.679708E-05
75,12,16.4,-11.4,329.488,3.132661E-05
76,12,16.4,-11.4,329.438,4.134448E-05
77,12,16.4,-11.4,329.388,4.039132E-05
78,12,16.4,-11.4,329.338,2.681066E-05
79,12,16.4,-11.4,329.288,3.509995E-05
80,12,16.4,-11.4,329.238,3.824646E-05
81,13,17.6,-7.6,333.721,2.925438E-05
82,13,17.6,-7.6,333.671,6.539215E-05
83,13,17.6,-7.6,333.621,4.104066E-05
84,13,17.6,-7.6,333.571,4.639379E-05
85,13,17.6,-7.6,333.521,6.125509E-05
86,13,17.6,-7.6,333.471,7.88205E-05
87,13,17.6,-7.6,333.421,7.83509E-05
88,13,17.6,-7.6,333.371,7.0582E-05
89,13,17.6,-7.6,333.321,5.19391E-05
90,13,17.6,-7.6,333.271,5.621401E-05
91,13,17.6,-7.6,333.221,5.05303E-05
92,13,17.6,-7.6,333.171,2.610567E-05
93,13,17.6,-7.6,333.121,4.58783E-05
94,13,17.6,-7.6,333.071,2.255817E-05
95,13,17.6,-7.6,333.021,4.317151E-05
96,13,17.6,-7.6,332.971,3.408191E-05
97,13,17.6,-7.6,332.921,2.675151E-05
98,13,17.6,-7.6,332.871,2.244128E-05
99,13,17.6,-7.6,332.821,2.734314E-05
100,13,17.6,-7.6,332.771,2.464153E-05
101,13,17.6,-7.6,332.721,2.651368E-05
102,13,17.6,-7.6,332.671,2.351566E-05
103,13,17.6,-7.6,332.621,1.551961E-05
104,13,17.6,-7.6,332.571,1.104551E-05
105,13,17.6,-7.6,332.521,2.268707E-05
106,13,17.6,-7.6,332.471,1.54112E-05
107,13,17.6,-7.6,332.421,8.92358E-05
108,13,17.6,-7.6,332.371,7.561551E-05
109,13,17.6,-7.6,332.321,6.379021E-05
110,13,17.6,-7.6,332.271,8.37243E-05
111,13,17.6,-7.6,332.197,4.032516E-05
112,13,17.6,-7.6,332.147,4.433019E-05
113,13,17.6,-7.6,332.097,1.692325E-05
114,13,17.6,-7.6,332.047,2.80211E-06
115,13,17.6,-7.6,331.997,1.362567E-05
116,13,17.6,-7.6,331.947,2.503613E-05
117,13,17.6,-7.6,331.897,2.602776E-05
118,13,17.6,-7.6,331.847,4.282489E-05
119,13,17.6,-7.6,331.797,5.393086E-05
120,13,17.6,-7.6,331.747,4.186215E-05
121,13,17.6,-7.6,331.697,5.976866E-05
122,13,17.6,-7.6,331.647,5.685772E-05
123,13,17.6,-7.6,331.597,6.807934E-05
124,13,17.6,-7.6,331.547,0.00011478104
125,13,17.6,-7.6,331.497,8.301894E-05
126,13,17.6,-7.6,331.447,0.00010118957
127,13,17.6,-7.6,331.397,9.088704E-05
128,13,17.6,-7.6,331.347,9.366515E-05
129,13,17.6,-7.6,331.297,0.00011951035
130,13,17.6,-7.6,331.247,0.00014439906
131,13,17.6,-7.6,331.197,0.00011586581
132,13,17.6,-7.6,331.147,0.00011643245
133,13,17.6,-7.6,331.097,0.000112998
134,13,17.6,-7.6,331.047,0.00016884061
135,13,17.6,-7.6,330.997,0.00011564321
136,13,17.6,-7.6,330.947,0.00013951326
137,13,17.6,-7.6,330.897,0.00021434974
138,13,17.6,-7.6,330.847,0.00016849405
139,13,17.6,-7.6,330.797,0.00020634417
140,13,17.6,-7.6,330.747,7.450835E-05
141,13,17.6,-7.6,330.673,5.280102E-05
142,13,17.6,-7.6,330.623,2.269314E-05
143,13,17.6,-7.6,330.573,4.233868E-05
144,13,17.6,-7.6,330.523,3.973483E-05
145,13,17.6,-7.6,330.473,3.492586E-05
146,13,17.6,-7.6,330.423,3.84644E-05
147,13,17.6,-7.6,330.373,6.360338E-05
148,13,17.6,-7.6,330.323,8.637709E-05
149,13,17.6,-7.6,330.273,8.208451E-05
150,13,17.6,-7.6,330.223,8.755918E-05
151,13,17.6,-7.6,330.173,0.00014781495
152,13,17.6,-7.6,330.123,0.00025653599
153,13,17.6,-7.6,330.073,8.896533E-05
154,13,17.6,-7.6,330.023,8.008623E-05
155,13,17.6,-7.6,329.973,8.362372E-05
156,13,17.6,-7.6,329.923,0.0001264161
157,13,17.6,-7.6,329.873,0.00010026036
158,13,17.6,-7.6,329.823,8.321302E-05
159,13,17.6,-7.6,329.793,7.572599E-05
160,13,17.6,-7.6,329.723,5.393086E-05
161,13,17.6,-7.6,329.673,4.149077E-05
162,13,17.6,-7.6,329.623,5.594756E-05
163,13,17.6,-7.6,329.573,8.394739E-05
164,13,17.6,-7.6,329.523,1.137181E-05
165,13,17.6,-7.6,329.149,1.80794E-06
166,13,17.6,-7.6,329.099,1.42814E-06
167,13,17.6,-7.6,329.049,1.39562E-06
168,13,17.6,-7.6,328.999,1.24638E-06
169,14,18.8,-3.8,333.733,2.373956E-05
170,14,18.8,-3.8,333.683,1.250104E-05
171,14,18.8,-3.8,333.633,1.462719E-05
172,14,18.8,-3.8,333.583,1.495284E-05
173,14,18.8,-3.8,333.533,1.180891E-05
174,14,18.8,-3.8,333.483,1.629848E-05
175,14,18.8,-3.8,333.433,1.631604E-05
176,14,18.8,-3.8,333.333,2.091992E-05
177,14,18.8,-3.8,333.283,3.38833E-05
178,14,18.8,-3.8,333.233,3.833333E-05
179,14,18.8,-3.8,333.183,4.515172E-05
180,14,18.8,-3.8,333.133,4.559877E-05
181,14,18.8,-3.8,333.083,4.911634E-05
182,14,18.8,-3.8,333.033,6.268796E-05
183,14,18.8,-3.8,332.983,6.258528E-05
184,14,18.8,-3.8,332.933,5.873776E-05
185,14,18.8,-3.8,332.833,9.011656E-05
186,14,18.8,-3.8,332.783,9.459088E-05
187,14,18.8,-3.8,332.733,8.158333E-05
188,14,18.8,-3.8,332.683,0.00010242984
189,14,18.8,-3.8,332.633,8.497329E-05
190,14,18.8,-3.8,332.583,0.00015997469
191,14,18.8,-3.8,332.533,0.00017909116
192,14,18.8,-3.8,332.483,0.00011125157
193,14,18.8,-3.8,332.433,0.00010175194
194,14,18.8,-3.8,332.383,8.778698E-05
195,14,18.8,-3.8,332.333,8.301086E-05
196,14,18.8,-3.8,332.283,8.664476E-05
197,14,18.8,-3.8,332.209,0.00010711785
198,14,18.8,-3.8,332.159,0.0001227392
199,14,18.8,-3.8,332.109,0.00010790566
200,14,18.8,-3.8,332.059,8.239757E-05
201,14,18.8,-3.8,332.009,0.00010591113
202,14,18.8,-3.8,331.959,9.49835E-05
203,14,18.8,-3.8,331.909,9.961443E-05
204,14,18.8,-3.8,331.859,9.855639E-05
205,14,18.8,-3.8,331.809,0.0001467809
206,14,18.8,-3.8,331.759,0.00023949113
207,14,18.8,-3.8,331.709,0.00018371287
208,14,18.8,-3.8,331.659,6.190325E-05
209,14,18.8,-3.8,331.609,2.526515E-05
210,14,18.8,-3.8,331.559,3.222222E-05
211,14,18.8,-3.8,331.509,5.015037E-05
212,14,18.8,-3.8,331.459,3.029918E-05
213,14,18.8,-3.8,331.409,1.35561E-05
214,14,18.8,-3.8,331.359,2.761904E-05
215,14,18.8,-3.8,331.309,0.0001082792
216,14,18.8,-3.8,331.259,9.15045E-05
217,14,18.8,-3.8,331.209,8.761691E-05
218,14,18.8,-3.8,331.159,8.708102E-05
219,14,18.8,-3.8,331.109,7.067759E-05
220,14,18.8,-3.8,331.059,0.00012327054
221,14,18.8,-3.8,331.009,0.0001655552
222,14,18.8,-3.8,330.959,0.00012497083
223,14,18.8,-3.8,330.909,0.00012907785
224,14,18.8,-3.8,330.859,0.00025886814
225,14,18.8,-3.8,330.809,0.00026301258
226,14,18.8,-3.8,330.759,0.00015309406
227,14,18.8,-3.8,330.685,3.755954E-05
228,14,18.8,-3.8,330.635,7.810677E-05
229,14,18.8,-3.8,330.585,0.00019503764
230,14,18.8,-3.8,330.535,0.00012707897
231,14,18.8,-3.8,330.485,0.0001301591
232,14,18.8,-3.8,330.435,0.00021109679
233,14,18.8,-3.8,330.385,0.00012085826
234,14,18.8,-3.8,330.335,3.933079E-05
235,14,18.8,-3.8,330.285,3.421302E-05
236,14,18.8,-3.8,330.235,3.10078E-05
237,14,18.8,-3.8,330.185,3.970001E-05
238,14,18.8,-3.8,330.135,2.737677E-05
239,14,18.8,-3.8,330.082,4.202198E-05
240,14,18.8,-3.8,330.035,2.992299E-05
241,14,18.8,-3.8,329.985,9.013335E-05
242,14,18.8,-3.8,329.935,0.00012356082
243,14,18.8,-3.8,329.885,0.00013562375
244,14,18.8,-3.8,329.835,0.00012221243
245,14,18.8,-3.8,329.785,0.00019779555
246,14,18.8,-3.8,329.735,3.705334E-05
247,14,18.8,-3.8,329.685,4.857523E-05
248,14,18.8,-3.8,329.635,0.00022074027
249,14,18.8,-3.8,329.585,5.246867E-05
250,14,18.8,-3.8,329.535,0.0001082856
251,14,18.8,-3.8,329.161,1.207324E-05
252,14,18.8,-3.8,329.111,8.49598E-06
253,14,18.8,-3.8,329.061,2.32995E-06
254,14,18.8,-3.8,329.011,6.4704E-07
255,14,18.8,-3.8,328.961,5.8593E-07
256,14,18.8,-3.8,328.911,6.2626E-07
257,14,18.8,-3.8,328.861,1.195E-07
258,14,18.8,-3.8,328.811,1.4486E-07
259,14,18.8,-3.8,328.761,1.1553E-07
260,14,18.8,-3.8,328.711,5.3617E-07
261,14,18.8,-3.8,328.661,8.158E-07
262,14,18.8,-3.8,328.611,7.3016E-07
263,20,19.4,-1.9,333.763,1.268376E-05
264,20,19.4,-1.9,333.713,2.295127E-05
265,20,19.4,-1.9,333.663,3.74285E-05
266,20,19.4,-1.9,333.613,3.209631E-05
267,20,19.4,-1.9,333.563,3.318407E-05
268,20,19.4,-1.9,333.513,2.585271E-05
269,20,19.4,-1.9,333.463,1.582638E-05
270,20,19.4,-1.9,333.413,1.968152E-05
271,20,19.4,-1.9,333.363,7.17204E-06
272,20,19.4,-1.9,333.313,1.074074E-05
273,20,19.4,-1.9,333.263,1.456985E-05
274,20,19.4,-1.9,333.213,7.28885E-06
275,20,19.4,-1.9,333.163,4.92649E-06
276,20,19.4,-1.9,333.113,4.96405E-06
277,20,19.4,-1.9,333.063,8.23457E-06
278,20,19.4,-1.9,333.013,1.554778E-05
279,20,19.4,-1.9,332.963,3.586021E-05
280,20,19.4,-1.9,332.913,4.730496E-05
281,20,19.4,-1.9,332.863,6.055855E-05
282,20,19.4,-1.9,332.813,4.403932E-05
283,20,19.4,-1.9,332.763,6.091805E-05
284,20,19.4,-1.9,332.713,5.728554E-05
285,20,19.4,-1.9,332.663,6.762933E-05
286,20,19.4,-1.9,332.613,7.60466E-05
287,20,19.4,-1.9,332.563,5.498716E-05
288,20,19.4,-1.9,332.513,7.273434E-05
289,20,19.4,-1.9,332.463,7.178481E-05
290,20,19.4,-1.9,332.413,6.839199E-05
291,20,19.4,-1.9,332.363,8.897599E-05
292,20,19.4,-1.9,332.313,6.262775E-05
293,20,19.4,-1.9,332.263,9.091134E-05
294,20,19.4,-1.9,332.239,7.928979E-05
295,20,19.4,-1.9,332.189,7.095346E-05
296,20,19.4,-1.9,332.139,8.415241E-05
297,20,19.4,-1.9,332.089,7.85805E-05
298,20,19.4,-1.9,332.039,0.00010196795
299,20,19.4,-1.9,331.989,0.00011503591
300,20,19.4,-1.9,331.939,4.155763E-05
301,20,19.4,-1.9,331.889,6.806121E-05
302,20,19.4,-1.9,331.839,8.681553E-05
303,20,19.4,-1.9,331.789,0.00010374936
304,20,19.4,-1.9,331.739,9.991402E-05
305,20,19.4,-1.9,331.689,3.598636E-05
306,20,19.4,-1.9,331.639,0.00031291753
307,20,19.4,-1.9,331.589,4.740273E-05
308,20,19.4,-1.9,331.539,6.029294E-05
309,20,19.4,-1.9,331.489,9.074689E-05
310,20,19.4,-1.9,331.439,0.00010204929
311,20,19.4,-1.9,331.389,8.610944E-05
312,20,19.4,-1.9,331.339,8.714847E-05
313,20,19.4,-1.9,331.289,8.281199E-05
314,20,19.4,-1.9,331.239,0.00014528314
315,20,19.4,-1.9,331.189,0.00026779463
316,20,19.4,-1.9,331.139,0.00016662777
317,20,19.4,-1.9,331.089,7.339045E-05
318,20,19.4,-1.9,331.039,0.00027646112
319,20,19.4,-1.9,330.939,0.00012041816
320,20,19.4,-1.9,330.889,0.00023571602
321,20,19.4,-1.9,330.839,0.00029385146
322,20,19.4,-1.9,330.789,0.00024963906
323,20,19.4,-1.9,330.715,0.00013255834
324,20,19.4,-1.9,330.665,9.257098E-05
325,20,19.4,-1.9,330.615,0.00023297812
326,20,19.4,-1.9,330.565,8.64578E-05
327,20,19.4,-1.9,330.515,7.815738E-05
328,20,19.4,-1.9,330.465,0.00010299948
329,20,19.4,-1.9,330.415,5.88573E-05
330,20,19.4,-1.9,330.365,3.132618E-05
331,20,19.4,-1.9,330.315,3.113912E-05
332,20,19.4,-1.9,330.265,3.004504E-05
333,20,19.4,-1.9,330.215,3.045662E-05
334,20,19.4,-1.9,330.165,4.781361E-05
335,20,19.4,-1.9,330.115,6.39312E-05
336,20,19.4,-1.9,330.065,3.163818E-05
337,20,19.4,-1.9,330.015,3.071056E-05
338,20,19.4,-1.9,329.965,5.386277E-05
339,20,19.4,-1.9,329.915,6.717883E-05
340,20,19.4,-1.9,329.865,6.123292E-05
341,20,19.4,-1.9,329.815,7.90986E-05
342,20,19.4,-1.9,329.765,6.805342E-05
343,20,19.4,-1.9,329.715,7.235153E-05
344,20,19.4,-1.9,329.665,8.331388E-05
345,20,19.4,-1.9,329.615,0.00011131005
346,20,19.4,-1.9,329.565,0.00011329773
347,20,19.4,-1.9,329.191,2.337805E-05
348,20,19.4,-1.9,329.141,1.59642E-06
349,20,19.4,-1.9,329.091,1.50056E-06
350,20,19.4,-1.9,329.041,1.56655E-06
351,20,19.4,-1.9,328.991,1.85471E-06
352,20,19.4,-1.9,328.941,2.15891E-06
353,20,19.4,-1.9,328.891,1.76455E-06
354,20,19.4,-1.9,328.841,1.07715E-06
355,20,19.4,-1.9,328.791,1.02928E-06
356,20,19.4,-1.9,328.741,1.201E-06
357,20,19.4,-1.9,328.691,1.1432E-06
358,20,19.4,-1.9,328.641,1.10101E-06
359,20,19.4,-1.9,328.591,8.6959E-07
360,20,19.4,-1.9,328.541,9.0533E-07
361,20,19.4,-1.9,328.491,1.13187E-06
362,20,19.4,-1.9,328.441,1.08619E-06
363,20,19.4,-1.9,328.391,8.8576E-07
364,20,19.4,-1.9,328.341,7.9932E-07
365,20,19.4,-1.9,328.291,9.5249E-07
366,20,19.4,-1.9,328.241,8.5248E-07
367,20,19.4,-1.9,328.191,1.21075E-06
368,20,19.4,-1.9,328.141,1.78038E-06
369,20,19.4,-1.9,328.091,1.560234E-05
370,20,19.4,-1.9,328.041,2.049155E-05
371,20,19.4,-1.9,327.991,3.20329E-06
372,20,19.4,-1.9,327.941,2.49074E-06
373,20,19.4,-1.9,327.891,2.53005E-06
374,20,19.4,-1.9,327.841,1.57302E-06
490,15,21.2,3.8,333.865,4.033356E-05
491,15,21.2,3.8,333.815,4.563381E-05
492,15,21.2,3.8,333.765,4.449296E-05
493,15,21.2,3.8,333.715,6.16448E-05
494,15,21.2,3.8,333.665,4.926556E-05
495,15,21.2,3.8,333.615,3.99616E-05
496,15,21.2,3.8,333.565,3.381744E-05
497,15,21.2,3.8,333.515,1.892198E-05
498,15,21.2,3.8,333.465,1.045819E-05
499,15,21.2,3.8,333.415,1.184491E-05
500,15,21.2,3.8,333.365,1.822404E-05
501,15,21.2,3.8,333.315,2.784322E-05
502,15,21.2,3.8,333.265,3.308494E-05
503,15,21.2,3.8,333.215,1.594207E-05
504,15,21.2,3.8,333.165,3.674931E-05
505,15,21.2,3.8,333.115,3.945189E-05
506,15,21.2,3.8,333.065,3.163684E-05
507,15,21.2,3.8,333.015,3.01269E-05
508,15,21.2,3.8,332.965,2.491698E-05
509,15,21.2,3.8,332.915,3.493467E-05
510,15,21.2,3.8,332.865,2.850427E-05
511,15,21.2,3.8,332.815,1.277778E-05
512,15,21.2,3.8,332.765,4.042424E-05
513,15,21.2,3.8,332.715,2.340351E-05
514,15,21.2,3.8,332.665,1.743791E-05
515,15,21.2,3.8,332.615,6.41073E-06
516,15,21.2,3.8,332.565,4.80761E-06
517,15,21.2,3.8,332.465,1.246411E-05
518,15,21.2,3.8,332.415,1.171125E-05
519,15,21.2,3.8,332.341,1.02117E-05
520,15,21.2,3.8,332.291,1.416136E-05
521,15,21.2,3.8,332.241,1.627376E-05
522,15,21.2,3.8,332.191,1.190322E-05
523,15,21.2,3.8,332.141,8.85839E-06
524,15,21.2,3.8,332.091,7.39126E-06
525,15,21.2,3.8,332.041,1.006732E-05
526,15,21.2,3.8,331.991,3.00275E-06
527,15,21.2,3.8,331.941,5.91712E-06
528,15,21.2,3.8,331.891,2.073478E-05
529,15,21.2,3.8,331.841,2.71878E-05
530,15,21.2,3.8,331.791,2.280775E-05
531,15,21.2,3.8,331.741,3.109557E-05
532,15,21.2,3.8,331.691,3.062755E-05
533,15,21.2,3.8,331.641,2.696765E-05
534,15,21.2,3.8,331.591,3.004504E-05
535,15,21.2,3.8,331.541,4.736995E-05
536,15,21.2,3.8,331.491,4.902761E-05
537,15,21.2,3.8,331.441,6.16587E-05
538,15,21.2,3.8,331.391,6.879337E-05
539,15,21.2,3.8,331.341,5.568645E-05
540,15,21.2,3.8,331.291,8.234567E-05
541,15,21.2,3.8,331.241,6.26291E-05
542,15,21.2,3.8,331.191,8.67321E-06
543,15,21.2,3.8,331.141,1.040742E-05
544,15,21.2,3.8,331.091,8.542531E-05
545,15,21.2,3.8,331.041,9.009615E-05
546,15,21.2,3.8,330.991,0.00013110296
547,15,21.2,3.8,330.941,8.846503E-05
548,15,21.2,3.8,330.891,0.0001095071
549,15,21.2,3.8,330.817,6.700723E-05
550,15,21.2,3.8,330.767,7.983038E-05
551,15,21.2,3.8,330.717,8.898592E-05
552,15,21.2,3.8,330.667,7.083457E-05
553,15,21.2,3.8,330.617,4.53926E-05
554,15,21.2,3.8,330.567,5.055784E-05
555,15,21.2,3.8,330.517,3.550994E-05
556,15,21.2,3.8,330.467,6.372064E-05
557,15,21.2,3.8,330.417,0.00021784777
558,15,21.2,3.8,330.367,0.00020768218
559,15,21.2,3.8,330.317,0.00027646112
560,15,21.2,3.8,330.267,0.00026301258
561,15,21.2,3.8,330.217,0.00028763126
562,15,21.2,3.8,330.167,0.00022721968
563,15,21.2,3.8,330.117,0.00022486572
564,15,21.2,3.8,330.067,0.00018464601
565,15,21.2,3.8,330.017,0.00014725047
566,15,21.2,3.8,329.967,7.333387E-05
567,15,21.2,3.8,329.917,5.07903E-06
568,15,21.2,3.8,329.867,6.25601E-06
569,15,21.2,3.8,329.817,4.221603E-05
570,15,21.2,3.8,329.767,0.00011577148
571,15,21.2,3.8,329.717,5.118083E-05
572,15,21.2,3.8,329.667,5.874697E-05
573,15,21.2,3.8,329.617,3.502521E-05
574,15,21.2,3.8,329.567,2.401419E-05
575,15,21.2,3.8,329.517,2.33583E-05
576,15,21.2,3.8,329.467,5.287227E-05
577,15,21.2,3.8,329.417,0.00012554147
578,15,21.2,3.8,329.367,0.00018703117
579,15,21.2,3.8,329.293,0.00013172012
580,15,21.2,3.8,329.243,0.000144014
581,15,21.2,3.8,329.193,0.00015324664
582,15,21.2,3.8,329.143,0.0001043742
583,15,21.2,3.8,329.093,0.00013978891
584,15,21.2,3.8,329.043,2.774026E-05
585,15,21.2,3.8,328.993,6.271375E-05
586,15,21.2,3.8,328.943,6.812319E-05
587,15,21.2,3.8,328.893,6.471703E-05
588,15,21.2,3.8,328.843,5.907779E-05
589,15,21.2,3.8,328.793,5.638712E-05
590,15,21.2,3.8,328.743,4.2756E-05
591,15,21.2,3.8,328.693,3.258066E-05
592,15,21.2,3.8,328.643,2.879072E-05
593,15,21.2,3.8,328.593,6.3499E-07
594,15,21.2,3.8,328.543,1.40505E-06
595,15,21.2,3.8,328.493,1.30566E-06
596,15,21.2,3.8,328.443,1.08588E-06
597,15,21.2,3.8,328.393,7.2401E-07
598,15,21.2,3.8,328.343,1.43741E-06
599,15,21.2,3.8,328.293,3.80708E-06
600,15,21.2,3.8,328.243,7.0739E-07
601,16,22.4,7.6,333.951,1.150251E-05
602,16,22.4,7.6,333.901,1.514784E-05
603,16,22.4,7.6,333.851,1.397476E-05
604,16,22.4,7.6,333.801,1.570998E-05
605,16,22.4,7.6,333.751,1.295425E-05
606,16,22.4,7.6,333.701,1.40126E-05
607,16,22.4,7.6,333.651,1.140387E-05
608,16,22.4,7.6,333.601,1.077351E-05
609,16,22.4,7.6,333.551,1.043274E-05
610,16,22.4,7.6,333.501,6.95126E-06
611,16,22.4,7.6,333.451,1.975428E-05
612,16,22.4,7.6,333.401,2.896657E-05
613,16,22.4,7.6,333.351,0.0001007539
614,16,22.4,7.6,333.301,9.924784E-05
615,16,22.4,7.6,333.251,8.815943E-05
616,16,22.4,7.6,333.201,8.843321E-05
617,16,22.4,7.6,333.151,9.460297E-05
618,16,22.4,7.6,333.101,0.00011210825
619,16,22.4,7.6,333.051,0.0001238065
620,16,22.4,7.6,333.001,3.542987E-05
621,16,22.4,7.6,332.951,2.630797E-05
622,16,22.4,7.6,332.901,3.531681E-05
623,16,22.4,7.6,332.851,7.332091E-05
624,16,22.4,7.6,332.801,6.898513E-05
625,16,22.4,7.6,332.751,8.089629E-05
626,16,22.4,7.6,332.701,7.013669E-05
627,16,22.4,7.6,332.651,6.020189E-05
628,16,22.4,7.6,332.601,1.378885E-05
629,16,22.4,7.6,332.551,1.593787E-05
630,16,22.4,7.6,332.501,1.355691E-05
631,16,22.4,7.6,332.427,2.100568E-05
632,16,22.4,7.6,332.377,1.177293E-05
633,16,22.4,7.6,332.327,6.0935E-06
634,16,22.4,7.6,332.277,6.74288E-06
635,16,22.4,7.6,332.227,7.09458E-06
636,16,22.4,7.6,332.177,1.434066E-05
637,16,22.4,7.6,332.127,8.4377E-06
638,16,22.4,7.6,332.077,8.17402E-06
639,16,22.4,7.6,332.027,1.482222E-05
640,16,22.4,7.6,331.977,9.55493E-06
641,16,22.4,7.6,331.927,6.99135E-06
642,16,22.4,7.6,331.877,1.255107E-05
643,16,22.4,7.6,331.827,8.24587E-06
644,16,22.4,7.6,331.777,1.381097E-05
645,16,22.4,7.6,331.727,1.462719E-05
646,16,22.4,7.6,331.677,1.34663E-05
647,16,22.4,7.6,331.627,6.03923E-06
648,16,22.4,7.6,331.577,4.98968E-06
649,16,22.4,7.6,331.527,8.486E-06
650,16,22.4,7.6,331.477,9.30399E-06
651,16,22.4,7.6,331.427,3.00879E-06
652,16,22.4,7.6,331.377,1.356383E-05
653,16,22.4,7.6,331.327,4.651309E-05
654,16,22.4,7.6,331.277,3.497061E-05
655,16,22.4,7.6,331.227,7.289616E-05
656,16,22.4,7.6,331.177,5.497252E-05
657,16,22.4,7.6,331.127,5.550779E-05
658,16,22.4,7.6,331.077,4.833333E-05
659,16,22.4,7.6,331.027,4.764285E-05
660,16,22.4,7.6,330.903,3.340654E-05
661,16,22.4,7.6,330.853,5.167966E-05
662,16,22.4,7.6,330.803,7.493551E-05
663,16,22.4,7.6,330.753,9.383475E-05
664,16,22.4,7.6,330.703,9.288372E-05
665,16,22.4,7.6,330.653,7.99232E-05
666,16,22.4,7.6,330.603,0.00010656427
667,16,22.4,7.6,330.553,0.00011131005
668,16,22.4,7.6,330.503,0.00012669853
669,16,22.4,7.6,330.453,0.00013477246
670,16,22.4,7.6,330.403,6.958443E-05
671,16,22.4,7.6,330.353,0.00013092182
672,16,22.4,7.6,330.303,0.0001272851
673,16,22.4,7.6,330.253,0.00012968671
674,16,22.4,7.6,330.203,0.00012446792
675,16,22.4,7.6,330.153,0.00010394408
676,16,22.4,7.6,330.103,8.337558E-05
677,16,22.4,7.6,330.053,1.731765E-05
678,16,22.4,7.6,330.003,1.013474E-05
679,16,22.4,7.6,329.953,6.53921E-06
680,16,22.4,7.6,329.903,0.00011435942
681,16,22.4,7.6,329.853,0.000150664
682,16,22.4,7.6,329.803,0.00012943407
683,16,22.4,7.6,329.753,0.00013002509
684,16,22.4,7.6,329.703,0.00017180509
685,16,22.4,7.6,329.653,0.00020209066
686,16,22.4,7.6,329.603,0.00023787975
687,16,22.4,7.6,329.553,0.00015860397
688,16,22.4,7.6,329.503,0.0002334057
689,16,22.4,7.6,329.453,0.000169497
690,16,22.4,7.6,329.379,3.314133E-05
691,16,22.4,7.6,329.329,5.558332E-05
692,16,22.4,7.6,329.279,0.0001054648
693,16,22.4,7.6,329.229,2.692809E-05
694,16,22.4,7.6,329.179,3.5262E-06
695,16,22.4,7.6,329.129,2.31686E-06
696,16,22.4,7.6,329.079,2.26509E-06
697,16,22.4,7.6,329.029,2.471351E-05
698,16,22.4,7.6,328.979,3.27312E-06
699,16,22.4,7.6,328.929,3.25096E-06
700,16,22.4,7.6,328.879,6.659753E-05
701,16,22.4,7.6,328.829,9.971759E-05
702,16,22.4,7.6,328.779,0.00010953618
703,16,22.4,7.6,328.729,9.262985E-05
704,16,22.4,7.6,328.679,0.00013049801
705,16,22.4,7.6,328.629,0.00011826022
706,16,22.4,7.6,328.579,0.0001851943
707,16,22.4,7.6,328.529,0.0001581972
708,16,22.4,7.6,328.479,0.00031291753
709,17,23.6,11.4,334.039,2.081107E-05
710,17,23.6,11.4,333.989,9.86719E-06
711,17,23.6,11.4,333.939,8.96211E-06
712,17,23.6,11.4,333.889,9.06395E-06
713,17,23.6,11.4,333.839,9.60541E-06
714,17,23.6,11.4,333.789,7.42819E-06
715,17,23.6,11.4,333.739,7.88416E-06
716,17,23.6,11.4,333.689,8.32817E-06
717,17,23.6,11.4,333.639,8.07017E-06
718,17,23.6,11.4,333.583,8.35839E-06
719,17,23.6,11.4,333.539,6.94805E-06
720,17,23.6,11.4,333.489,1.337117E-05
721,17,23.6,11.4,333.439,1.308975E-05
722,17,23.6,11.4,333.383,1.35045E-05
723,17,23.6,11.4,333.339,1.242085E-05
724,17,23.6,11.4,333.289,1.331337E-05
725,17,23.6,11.4,333.239,1.300195E-05
726,17,23.6,11.4,333.189,1.497194E-05
727,17,23.6,11.4,333.139,1.467547E-05
728,17,23.6,11.4,333.089,1.040742E-05
729,17,23.6,11.4,333.039,1.38961E-05
730,17,23.6,11.4,332.989,1.480079E-05
731,17,23.6,11.4,332.939,1.55547E-05
732,17,23.6,11.4,332.889,1.735578E-05
733,17,23.6,11.4,332.839,1.512471E-05
734,17,23.6,11.4,332.789,1.448425E-05
735,17,23.6,11.4,332.739,1.615956E-05
736,17,23.6,11.4,332.515,1.062272E-05
737,17,23.6,11.4,332.465,5.55221E-06
738,17,23.6,11.4,332.415,1.145261E-05
739,17,23.6,11.4,332.365,1.077351E-05
740,17,23.6,11.4,332.315,1.161009E-05
741,17,23.6,11.4,332.265,1.149009E-05
742,17,23.6,11.4,332.215,1.228612E-05
743,17,23.6,11.4,332.165,1.211259E-05
744,17,23.6,11.4,332.115,7.82864E-06
745,17,23.6,11.4,332.065,1.29935E-05
746,17,23.6,11.4,332.015,1.05873E-05
747,17,23.6,11.4,331.965,7.54853E-06
748,17,23.6,11.4,331.915,6.87029E-06
749,17,23.6,11.4,331.865,8.4144E-06
750,17,23.6,11.4,331.815,9.12928E-06
751,17,23.6,11.4,331.765,1.003394E-05
752,17,23.6,11.4,331.715,1.615883E-05
753,17,23.6,11.4,331.665,8.03317E-06
754,17,23.6,11.4,331.615,2.268707E-05
755,17,23.6,11.4,331.565,9.06524E-06
756,17,23.6,11.4,331.515,1.576832E-05
757,17,23.6,11.4,331.465,1.311701E-05
758,17,23.6,11.4,331.415,1.681512E-05
759,17,23.6,11.4,331.365,1.550984E-05
760,17,23.6,11.4,331.315,1.195882E-05
761,17,23.6,11.4,331.265,9.53742E-06
762,17,23.6,11.4,331.215,1.89388E-06
763,17,23.6,11.4,331.165,7.41844E-06
764,17,23.6,11.4,330.991,5.46224E-06
765,17,23.6,11.4,330.941,5.28011E-06
766,17,23.6,11.4,330.891,1.832417E-05
767,17,23.6,11.4,330.841,2.122701E-05
768,17,23.6,11.4,330.791,2.569494E-05
769,17,23.6,11.4,330.741,3.423858E-05
770,17,23.6,11.4,330.691,3.655391E-05
771,17,23.6,11.4,330.641,4.010633E-05
772,17,23.6,11.4,330.591,4.35025E-05
773,17,23.6,11.4,330.541,4.691737E-05
774,17,23.6,11.4,330.491,3.725418E-05
775,17,23.6,11.4,330.441,4.506336E-05
776,17,23.6,11.4,330.391,4.749518E-05
777,17,23.6,11.4,330.341,5.80124E-05
778,17,23.6,11.4,330.291,3.937298E-05
779,17,23.6,11.4,330.241,6.937672E-05
780,17,23.6,11.4,330.191,7.277407E-05
781,17,23.6,11.4,330.141,7.17299E-05
782,17,23.6,11.4,330.091,6.886148E-05
783,17,23.6,11.4,330.041,6.756365E-05
784,17,23.6,11.4,329.991,7.84395E-05
785,17,23.6,11.4,329.941,0.0001039356
786,17,23.6,11.4,329.891,0.00010851593
787,17,23.6,11.4,329.841,9.925481E-05
788,17,23.6,11.4,329.791,0.00014511039
789,17,23.6,11.4,329.741,0.0001035612
790,17,23.6,11.4,329.691,0.00013281923
791,17,23.6,11.4,329.641,0.00010585686
792,17,23.6,11.4,329.591,9.85433E-05
793,17,23.6,11.4,329.541,2.602258E-05
794,17,23.6,11.4,329.491,1.026024E-05
795,17,23.6,11.4,329.467,5.740102E-05
796,17,23.6,11.4,329.417,6.396494E-05
797,17,23.6,11.4,329.367,4.559877E-05
798,17,23.6,11.4,329.317,1.716859E-05
799,17,23.6,11.4,329.267,2.774383E-05
800,17,23.6,11.4,329.217,6.839037E-05
801,17,23.6,11.4,329.167,6.141016E-05
802,17,23.6,11.4,329.117,9.81451E-05
803,17,23.6,11.4,329.067,0.00011143752
804,17,23.6,11.4,329.017,6.60897E-06
805,17,23.6,11.4,328.967,4.74058E-06
806,17,23.6,11.4,328.917,3.57679E-06
807,17,23.6,11.4,328.867,4.32814E-06
808,17,23.6,11.4,328.817,4.43779E-06
809,17,23.6,11.4,328.767,9.24107E-06
810,17,23.6,11.4,328.717,6.86724E-06
811,17,23.6,11.4,328.667,5.793314E-05
812,17,23.6,11.4,328.617,7.086518E-05
813,17,23.6,11.4,328.567,6.244344E-05
814,17,23.6,11.4,328.517,2.933428E-05
